<?xml version='1.0' encoding='UTF-8' standalone='no'?>
<doxygen xmlns:xsi="http://www.w3.org/2001/XMLSchema-instance" xsi:noNamespaceSchemaLocation="compound.xsd" version="1.8.17">
  <compounddef id="bbl_8PH" kind="file" language="C++">
    <compoundname>bbl.PH</compoundname>
      <sectiondef kind="define">
      <memberdef kind="define" id="bbl_8PH_1a96f777f8f65d91949b7a13fab366cffd" prot="public" static="no">
        <name>PIN_G_BBL_PH</name>
        <briefdescription>
        </briefdescription>
        <detaileddescription>
        </detaileddescription>
        <inbodydescription>
        </inbodydescription>
        <location file="Source/pin/core/bbl.PH" line="9" column="10" bodyfile="Source/pin/core/bbl.PH" bodystart="9" bodyend="-1"/>
      </memberdef>
      </sectiondef>
      <sectiondef kind="func">
      <memberdef kind="function" id="group__BBL_1gac7ea1e91e10bce868bbce497cacabab3" prot="public" static="no" const="no" explicit="no" inline="no" virt="non-virtual">
        <type>UINT32</type>
        <definition>UINT32 BBL_NumIns</definition>
        <argsstring>(BBL bbl)</argsstring>
        <name>BBL_NumIns</name>
        <param>
          <type>BBL</type>
          <declname>bbl</declname>
        </param>
        <briefdescription>
        </briefdescription>
        <detaileddescription>
<para>This file contains <ref refid="group__BBL" kindref="compound">BBL: Single entrance, single exit sequence of instructions</ref> primitives</para>
<para>Number of INSs within a BBL.</para>
<para><simplesect kind="par"><title>Availability:</title><para><bold>Mode:</bold> JIT &amp; Probe<linebreak/>
<bold>O/S</bold>: Linux, Windows &amp; macOS*<linebreak/>
<bold>CPU:</bold> All<linebreak/>
</para>
</simplesect>
</para>
        </detaileddescription>
        <inbodydescription>
        </inbodydescription>
        <location file="Source/pin/core/bbl.PH" line="22" column="15" declfile="Source/pin/core/bbl.PH" declline="22" declcolumn="15"/>
      </memberdef>
      </sectiondef>
    <briefdescription>
    </briefdescription>
    <detaileddescription>
    </detaileddescription>
    <programlisting>
<codeline lineno="1"><highlight class="comment">/*</highlight></codeline>
<codeline lineno="2"><highlight class="comment"><sp/>*<sp/>Copyright<sp/>(C)<sp/>2020-2021<sp/>Intel<sp/>Corporation.</highlight></codeline>
<codeline lineno="3"><highlight class="comment"><sp/>*<sp/>SPDX-License-Identifier:<sp/>MIT</highlight></codeline>
<codeline lineno="4"><highlight class="comment"><sp/>*/</highlight><highlight class="normal"></highlight></codeline>
<codeline lineno="5"><highlight class="normal"></highlight></codeline>
<codeline lineno="6"><highlight class="normal"></highlight><highlight class="preprocessor">#ifdef<sp/>PIN_G_BBL_PH</highlight><highlight class="normal"></highlight></codeline>
<codeline lineno="7"><highlight class="normal"></highlight><highlight class="preprocessor">#error<sp/>duplicate<sp/>inclusion<sp/>of<sp/>bbl</highlight><highlight class="normal"></highlight></codeline>
<codeline lineno="8"><highlight class="normal"></highlight><highlight class="preprocessor">#else</highlight><highlight class="normal"></highlight></codeline>
<codeline lineno="9"><highlight class="normal"></highlight><highlight class="preprocessor">#define<sp/>PIN_G_BBL_PH</highlight><highlight class="normal"></highlight></codeline>
<codeline lineno="10"><highlight class="normal"></highlight></codeline>
<codeline lineno="22"><highlight class="keyword">extern</highlight><highlight class="normal"><sp/>UINT32<sp/><ref refid="group__BBL_1gac7ea1e91e10bce868bbce497cacabab3" kindref="member">BBL_NumIns</ref>(BBL<sp/>bbl);</highlight></codeline>
<codeline lineno="23"><highlight class="normal"></highlight></codeline>
<codeline lineno="24"><highlight class="normal"></highlight><highlight class="preprocessor">#endif<sp/>//<sp/>PIN_G_BBL_PH</highlight></codeline>
    </programlisting>
    <location file="Source/pin/core/bbl.PH"/>
  </compounddef>
</doxygen>
