<?xml version='1.0' encoding='UTF-8' standalone='no'?>
<doxygen xmlns:xsi="http://www.w3.org/2001/XMLSchema-instance" xsi:noNamespaceSchemaLocation="compound.xsd" version="1.8.17">
  <compounddef id="classMESSAGE__TYPE" kind="class" language="C++" prot="public">
    <compoundname>MESSAGE_TYPE</compoundname>
    <derivedcompoundref refid="classMESSAGE__TYPE__ALWAYS__ON" prot="public" virt="non-virtual">MESSAGE_TYPE_ALWAYS_ON</derivedcompoundref>
      <sectiondef kind="private-attrib">
      <memberdef kind="variable" id="classMESSAGE__TYPE_1af2832821bf31bb9095040335ad8ca7ca" prot="private" static="no" mutable="no">
        <type>STATIC VOID(*</type>
        <definition>STATIC VOID(* MESSAGE_TYPE::_panic_callback) ()</definition>
        <argsstring>)()</argsstring>
        <name>_panic_callback</name>
        <briefdescription>
        </briefdescription>
        <detaileddescription>
        </detaileddescription>
        <inbodydescription>
        </inbodydescription>
        <location file="Source/pin/base/message.PH" line="81" column="12" bodyfile="Source/pin/base/message.PH" bodystart="81" bodyend="-1"/>
      </memberdef>
      <memberdef kind="variable" id="classMESSAGE__TYPE_1af5057b637454e08c15decc5ecbdc3b98" prot="private" static="no" mutable="no">
        <type>STATIC VOID(*</type>
        <definition>STATIC VOID(* MESSAGE_TYPE::_terminate_callback) ()</definition>
        <argsstring>)()</argsstring>
        <name>_terminate_callback</name>
        <briefdescription>
        </briefdescription>
        <detaileddescription>
        </detaileddescription>
        <inbodydescription>
        </inbodydescription>
        <location file="Source/pin/base/message.PH" line="82" column="12" bodyfile="Source/pin/base/message.PH" bodystart="82" bodyend="-1"/>
      </memberdef>
      <memberdef kind="variable" id="classMESSAGE__TYPE_1a42998caf8772bedd024c94b53b057efc" prot="private" static="no" mutable="no">
        <type>STATIC std::string</type>
        <definition>STATIC std::string MESSAGE_TYPE::_log_fname</definition>
        <argsstring></argsstring>
        <name>_log_fname</name>
        <briefdescription>
        </briefdescription>
        <detaileddescription>
        </detaileddescription>
        <inbodydescription>
        </inbodydescription>
        <location file="Source/pin/base/message.PH" line="83" column="24" bodyfile="Source/pin/base/message.PH" bodystart="83" bodyend="-1"/>
      </memberdef>
      <memberdef kind="variable" id="classMESSAGE__TYPE_1af7c865236538332100f7a468350ceb20" prot="private" static="no" mutable="no">
        <type>STATIC <ref refid="classMESSAGE__TYPE" kindref="compound">MESSAGE_TYPE</ref> *</type>
        <definition>STATIC MESSAGE_TYPE* MESSAGE_TYPE::_list</definition>
        <argsstring></argsstring>
        <name>_list</name>
        <briefdescription>
        </briefdescription>
        <detaileddescription>
        </detaileddescription>
        <inbodydescription>
        </inbodydescription>
        <location file="Source/pin/base/message.PH" line="84" column="25" bodyfile="Source/pin/base/message.PH" bodystart="84" bodyend="-1"/>
      </memberdef>
      <memberdef kind="variable" id="classMESSAGE__TYPE_1a8b9c4e99dd7b6cea4e946148c3d9488b" prot="private" static="no" mutable="no">
        <type>STATIC <ref refid="classLOGFILE" kindref="compound">LOGFILE</ref> *</type>
        <definition>STATIC LOGFILE* MESSAGE_TYPE::_logstream</definition>
        <argsstring></argsstring>
        <name>_logstream</name>
        <briefdescription>
        </briefdescription>
        <detaileddescription>
        </detaileddescription>
        <inbodydescription>
        </inbodydescription>
        <location file="Source/pin/base/message.PH" line="85" column="20" bodyfile="Source/pin/base/message.PH" bodystart="85" bodyend="-1"/>
      </memberdef>
      <memberdef kind="variable" id="classMESSAGE__TYPE_1a0368970b7bf8e2ed2325a4aadced6fd7" prot="private" static="no" mutable="no">
        <type>STATIC BOOL</type>
        <definition>STATIC BOOL MESSAGE_TYPE::_logstreamAppend</definition>
        <argsstring></argsstring>
        <name>_logstreamAppend</name>
        <briefdescription>
        </briefdescription>
        <detaileddescription>
        </detaileddescription>
        <inbodydescription>
        </inbodydescription>
        <location file="Source/pin/base/message.PH" line="86" column="17" bodyfile="Source/pin/base/message.PH" bodystart="86" bodyend="-1"/>
      </memberdef>
      <memberdef kind="variable" id="classMESSAGE__TYPE_1aff0e5fee705d5d0e441661add87cb848" prot="private" static="no" mutable="no">
        <type>STATIC <ref refid="group__MESSAGE_1gaddbdb603ecc23c5f2c1aed799c413280" kindref="member">MESSAGE_CALLBACK</ref></type>
        <definition>STATIC MESSAGE_CALLBACK MESSAGE_TYPE::_message_callback</definition>
        <argsstring></argsstring>
        <name>_message_callback</name>
        <briefdescription>
        </briefdescription>
        <detaileddescription>
        </detaileddescription>
        <inbodydescription>
        </inbodydescription>
        <location file="Source/pin/base/message.PH" line="87" column="29" bodyfile="Source/pin/base/message.PH" bodystart="87" bodyend="-1"/>
      </memberdef>
      <memberdef kind="variable" id="classMESSAGE__TYPE_1af1d157e90ed58c87eb3b10d9218573da" prot="private" static="no" mutable="no">
        <type>const std::string</type>
        <definition>const std::string MESSAGE_TYPE::_name</definition>
        <argsstring></argsstring>
        <name>_name</name>
        <briefdescription>
        </briefdescription>
        <detaileddescription>
        </detaileddescription>
        <inbodydescription>
        </inbodydescription>
        <location file="Source/pin/base/message.PH" line="90" column="23" bodyfile="Source/pin/base/message.PH" bodystart="90" bodyend="-1"/>
      </memberdef>
      <memberdef kind="variable" id="classMESSAGE__TYPE_1a43ec1d243334888743afbd70e69060e0" prot="private" static="no" mutable="no">
        <type>const std::string</type>
        <definition>const std::string MESSAGE_TYPE::_prefix</definition>
        <argsstring></argsstring>
        <name>_prefix</name>
        <briefdescription>
        </briefdescription>
        <detaileddescription>
        </detaileddescription>
        <inbodydescription>
        </inbodydescription>
        <location file="Source/pin/base/message.PH" line="91" column="23" bodyfile="Source/pin/base/message.PH" bodystart="91" bodyend="-1"/>
      </memberdef>
      <memberdef kind="variable" id="classMESSAGE__TYPE_1a6e3ae3d9a78013bd3b3bfd9c0f9605cb" prot="private" static="no" mutable="no">
        <type>const std::string</type>
        <definition>const std::string MESSAGE_TYPE::_comment</definition>
        <argsstring></argsstring>
        <name>_comment</name>
        <briefdescription>
        </briefdescription>
        <detaileddescription>
        </detaileddescription>
        <inbodydescription>
        </inbodydescription>
        <location file="Source/pin/base/message.PH" line="92" column="23" bodyfile="Source/pin/base/message.PH" bodystart="92" bodyend="-1"/>
      </memberdef>
      <memberdef kind="variable" id="classMESSAGE__TYPE_1a6904665c3ad8c07b4fe5ca89505e6c61" prot="private" static="no" mutable="no">
        <type>BOOL</type>
        <definition>BOOL MESSAGE_TYPE::_terminate</definition>
        <argsstring></argsstring>
        <name>_terminate</name>
        <briefdescription>
        </briefdescription>
        <detaileddescription>
        </detaileddescription>
        <inbodydescription>
        </inbodydescription>
        <location file="Source/pin/base/message.PH" line="93" column="10" bodyfile="Source/pin/base/message.PH" bodystart="93" bodyend="-1"/>
      </memberdef>
      <memberdef kind="variable" id="classMESSAGE__TYPE_1aeac1fdae81a516efe4676321a7a0a5ce" prot="private" static="no" mutable="no">
        <type>BOOL</type>
        <definition>BOOL MESSAGE_TYPE::_trace</definition>
        <argsstring></argsstring>
        <name>_trace</name>
        <briefdescription>
        </briefdescription>
        <detaileddescription>
        </detaileddescription>
        <inbodydescription>
        </inbodydescription>
        <location file="Source/pin/base/message.PH" line="94" column="10" bodyfile="Source/pin/base/message.PH" bodystart="94" bodyend="-1"/>
      </memberdef>
      <memberdef kind="variable" id="classMESSAGE__TYPE_1ab518300c35d386369a8d101609aca06e" prot="private" static="no" mutable="no">
        <type>BOOL</type>
        <definition>BOOL MESSAGE_TYPE::_enabled</definition>
        <argsstring></argsstring>
        <name>_enabled</name>
        <briefdescription>
        </briefdescription>
        <detaileddescription>
        </detaileddescription>
        <inbodydescription>
        </inbodydescription>
        <location file="Source/pin/base/message.PH" line="95" column="10" bodyfile="Source/pin/base/message.PH" bodystart="95" bodyend="-1"/>
      </memberdef>
      <memberdef kind="variable" id="classMESSAGE__TYPE_1a49d07a3ee5908e506ac823759ac99901" prot="private" static="no" mutable="no">
        <type>BOOL</type>
        <definition>BOOL MESSAGE_TYPE::_resource</definition>
        <argsstring></argsstring>
        <name>_resource</name>
        <briefdescription>
        </briefdescription>
        <detaileddescription>
        </detaileddescription>
        <inbodydescription>
        </inbodydescription>
        <location file="Source/pin/base/message.PH" line="96" column="10" bodyfile="Source/pin/base/message.PH" bodystart="96" bodyend="-1"/>
      </memberdef>
      <memberdef kind="variable" id="classMESSAGE__TYPE_1a72c956c3f1bb97234496e7bc3dbf79ed" prot="private" static="no" mutable="no">
        <type><ref refid="group__MESSAGE_1ga9ca6006a59fa53a5cd728fa1efcd4b61" kindref="member">LOGTYPE</ref></type>
        <definition>LOGTYPE MESSAGE_TYPE::_log</definition>
        <argsstring></argsstring>
        <name>_log</name>
        <briefdescription>
        </briefdescription>
        <detaileddescription>
        </detaileddescription>
        <inbodydescription>
        </inbodydescription>
        <location file="Source/pin/base/message.PH" line="97" column="13" bodyfile="Source/pin/base/message.PH" bodystart="97" bodyend="-1"/>
      </memberdef>
      <memberdef kind="variable" id="classMESSAGE__TYPE_1a7cb86f4f37ac276e278d8463a9c47ad3" prot="private" static="no" mutable="no">
        <type><ref refid="classMESSAGE__TYPE" kindref="compound">MESSAGE_TYPE</ref> *</type>
        <definition>MESSAGE_TYPE* MESSAGE_TYPE::_next</definition>
        <argsstring></argsstring>
        <name>_next</name>
        <briefdescription>
        </briefdescription>
        <detaileddescription>
        </detaileddescription>
        <inbodydescription>
        </inbodydescription>
        <location file="Source/pin/base/message.PH" line="99" column="18" bodyfile="Source/pin/base/message.PH" bodystart="99" bodyend="-1"/>
      </memberdef>
      </sectiondef>
      <sectiondef kind="public-func">
      <memberdef kind="function" id="classMESSAGE__TYPE_1a2fa174a8e810ed231ebed8eda11b0ac5" prot="public" static="no" const="no" explicit="no" inline="no" virt="non-virtual">
        <type>STATIC VOID</type>
        <definition>STATIC VOID MESSAGE_TYPE::RegisterPanicCallBack</definition>
        <argsstring>(VOID(*cb)())</argsstring>
        <name>RegisterPanicCallBack</name>
        <param>
          <type>VOID(*)()</type>
          <declname>cb</declname>
        </param>
        <briefdescription>
        </briefdescription>
        <detaileddescription>
        </detaileddescription>
        <inbodydescription>
        </inbodydescription>
        <location file="Source/pin/base/message.PH" line="102" column="17"/>
      </memberdef>
      <memberdef kind="function" id="classMESSAGE__TYPE_1ad4b716c9102190b3bbe9396d17453abe" prot="public" static="no" const="no" explicit="no" inline="no" virt="non-virtual">
        <type>STATIC VOID</type>
        <definition>STATIC VOID MESSAGE_TYPE::RegisterTerminateCallBack</definition>
        <argsstring>(VOID(*cb)())</argsstring>
        <name>RegisterTerminateCallBack</name>
        <param>
          <type>VOID(*)()</type>
          <declname>cb</declname>
        </param>
        <briefdescription>
        </briefdescription>
        <detaileddescription>
        </detaileddescription>
        <inbodydescription>
        </inbodydescription>
        <location file="Source/pin/base/message.PH" line="103" column="17"/>
      </memberdef>
      <memberdef kind="function" id="classMESSAGE__TYPE_1aeea8c63a24135cc8d02fa23ba1cca9ea" prot="public" static="no" const="no" explicit="no" inline="no" virt="non-virtual">
        <type>STATIC VOID</type>
        <definition>STATIC VOID MESSAGE_TYPE::RegisterLogFile</definition>
        <argsstring>(const std::string &amp;name, BOOL append)</argsstring>
        <name>RegisterLogFile</name>
        <param>
          <type>const std::string &amp;</type>
          <declname>name</declname>
        </param>
        <param>
          <type>BOOL</type>
          <declname>append</declname>
        </param>
        <briefdescription>
        </briefdescription>
        <detaileddescription>
        </detaileddescription>
        <inbodydescription>
        </inbodydescription>
        <location file="Source/pin/base/message.PH" line="104" column="17"/>
      </memberdef>
      <memberdef kind="function" id="classMESSAGE__TYPE_1a6b23941d1c6892936fbd0fb79fd1cfe0" prot="public" static="no" const="no" explicit="no" inline="no" virt="non-virtual">
        <type>STATIC std::string</type>
        <definition>STATIC std::string MESSAGE_TYPE::GetLogFileName</definition>
        <argsstring>()</argsstring>
        <name>GetLogFileName</name>
        <briefdescription>
        </briefdescription>
        <detaileddescription>
        </detaileddescription>
        <inbodydescription>
        </inbodydescription>
        <location file="Source/pin/base/message.PH" line="105" column="24"/>
      </memberdef>
      <memberdef kind="function" id="classMESSAGE__TYPE_1a81a5a88aa8a0dab08a4caa67e36c896c" prot="public" static="no" const="no" explicit="no" inline="no" virt="non-virtual">
        <type>STATIC <ref refid="classMESSAGE__TYPE" kindref="compound">MESSAGE_TYPE</ref> *</type>
        <definition>STATIC MESSAGE_TYPE* MESSAGE_TYPE::Find</definition>
        <argsstring>(const std::string &amp;name)</argsstring>
        <name>Find</name>
        <param>
          <type>const std::string &amp;</type>
          <declname>name</declname>
        </param>
        <briefdescription>
        </briefdescription>
        <detaileddescription>
        </detaileddescription>
        <inbodydescription>
        </inbodydescription>
        <location file="Source/pin/base/message.PH" line="106" column="25"/>
      </memberdef>
      <memberdef kind="function" id="classMESSAGE__TYPE_1a44f53e6e7cc8cf6d01a941c1cf506094" prot="public" static="no" const="no" explicit="no" inline="no" virt="non-virtual">
        <type>STATIC BOOL</type>
        <definition>STATIC BOOL MESSAGE_TYPE::Disable</definition>
        <argsstring>(const std::string &amp;name)</argsstring>
        <name>Disable</name>
        <param>
          <type>const std::string &amp;</type>
          <declname>name</declname>
        </param>
        <briefdescription>
        </briefdescription>
        <detaileddescription>
        </detaileddescription>
        <inbodydescription>
        </inbodydescription>
        <location file="Source/pin/base/message.PH" line="107" column="17"/>
      </memberdef>
      <memberdef kind="function" id="classMESSAGE__TYPE_1a2f70e86d28809332624fd12dd3210cef" prot="public" static="no" const="no" explicit="no" inline="no" virt="non-virtual">
        <type>STATIC BOOL</type>
        <definition>STATIC BOOL MESSAGE_TYPE::Enable</definition>
        <argsstring>(const std::string &amp;name)</argsstring>
        <name>Enable</name>
        <param>
          <type>const std::string &amp;</type>
          <declname>name</declname>
        </param>
        <briefdescription>
        </briefdescription>
        <detaileddescription>
        </detaileddescription>
        <inbodydescription>
        </inbodydescription>
        <location file="Source/pin/base/message.PH" line="108" column="17"/>
      </memberdef>
      <memberdef kind="function" id="classMESSAGE__TYPE_1a95f44bfc1a3ab0e10b770539d1f92d84" prot="public" static="no" const="no" explicit="no" inline="no" virt="non-virtual">
        <type>STATIC UINT32</type>
        <definition>STATIC UINT32 MESSAGE_TYPE::Number</definition>
        <argsstring>()</argsstring>
        <name>Number</name>
        <briefdescription>
        </briefdescription>
        <detaileddescription>
        </detaileddescription>
        <inbodydescription>
        </inbodydescription>
        <location file="Source/pin/base/message.PH" line="109" column="19"/>
      </memberdef>
      <memberdef kind="function" id="classMESSAGE__TYPE_1a94b6e289b48f7aeea80256c9c6bae118" prot="public" static="no" const="no" explicit="no" inline="no" virt="non-virtual">
        <type>STATIC std::string</type>
        <definition>STATIC std::string MESSAGE_TYPE::StringLongAll</definition>
        <argsstring>()</argsstring>
        <name>StringLongAll</name>
        <briefdescription>
        </briefdescription>
        <detaileddescription>
        </detaileddescription>
        <inbodydescription>
        </inbodydescription>
        <location file="Source/pin/base/message.PH" line="110" column="24"/>
      </memberdef>
      <memberdef kind="function" id="classMESSAGE__TYPE_1a8e1ecbdb41e1ec4166f51cfeefa8b69c" prot="public" static="no" const="no" explicit="no" inline="no" virt="non-virtual">
        <type>STATIC BOOL</type>
        <definition>STATIC BOOL MESSAGE_TYPE::IsTerminating</definition>
        <argsstring>()</argsstring>
        <name>IsTerminating</name>
        <briefdescription>
        </briefdescription>
        <detaileddescription>
        </detaileddescription>
        <inbodydescription>
        </inbodydescription>
        <location file="Source/pin/base/message.PH" line="111" column="17"/>
      </memberdef>
      <memberdef kind="function" id="classMESSAGE__TYPE_1af6932486fcdc805c6aab9b498df873be" prot="public" static="no" const="no" explicit="no" inline="no" virt="non-virtual">
        <type>STATIC NORETURN VOID</type>
        <definition>STATIC NORETURN VOID MESSAGE_TYPE::PrintMessageAndExit</definition>
        <argsstring>(const char *message, const char *message2, PIN_ERRTYPE errType=PIN_ERR_NONE, INT32 numArgs=0,...)</argsstring>
        <name>PrintMessageAndExit</name>
        <param>
          <type>const char *</type>
          <declname>message</declname>
        </param>
        <param>
          <type>const char *</type>
          <declname>message2</declname>
        </param>
        <param>
          <type><ref refid="group__ERROR__FILE_1gaeda9680c6d7a2340a2fd22ab6302b2b9" kindref="member">PIN_ERRTYPE</ref></type>
          <declname>errType</declname>
          <defval><ref refid="group__ERROR__FILE_1ggaeda9680c6d7a2340a2fd22ab6302b2b9ae23249419158a25051069ad451c6b6c3" kindref="member">PIN_ERR_NONE</ref></defval>
        </param>
        <param>
          <type>INT32</type>
          <declname>numArgs</declname>
          <defval>0</defval>
        </param>
        <param>
          <type>...</type>
        </param>
        <briefdescription>
        </briefdescription>
        <detaileddescription>
        </detaileddescription>
        <inbodydescription>
        </inbodydescription>
        <location file="Source/pin/base/message.PH" line="112" column="26"/>
      </memberdef>
      <memberdef kind="function" id="classMESSAGE__TYPE_1a1b298257ac6adfc8e8b4ded4850914dc" prot="public" static="no" const="no" explicit="no" inline="no" virt="non-virtual">
        <type>STATIC VOID</type>
        <definition>STATIC VOID MESSAGE_TYPE::RegisterMessageCallBack</definition>
        <argsstring>(MESSAGE_CALLBACK fun)</argsstring>
        <name>RegisterMessageCallBack</name>
        <param>
          <type><ref refid="group__MESSAGE_1gaddbdb603ecc23c5f2c1aed799c413280" kindref="member">MESSAGE_CALLBACK</ref></type>
          <declname>fun</declname>
        </param>
        <briefdescription>
        </briefdescription>
        <detaileddescription>
        </detaileddescription>
        <inbodydescription>
        </inbodydescription>
        <location file="Source/pin/base/message.PH" line="114" column="17"/>
      </memberdef>
      <memberdef kind="function" id="classMESSAGE__TYPE_1ad4f084850024552a9698d4f0a2c19741" prot="public" static="no" const="no" explicit="no" inline="no" virt="non-virtual">
        <type>STATIC VOID</type>
        <definition>STATIC VOID MESSAGE_TYPE::UnregisterMessageCallBack</definition>
        <argsstring>()</argsstring>
        <name>UnregisterMessageCallBack</name>
        <briefdescription>
        </briefdescription>
        <detaileddescription>
        </detaileddescription>
        <inbodydescription>
        </inbodydescription>
        <location file="Source/pin/base/message.PH" line="115" column="17"/>
      </memberdef>
      <memberdef kind="function" id="classMESSAGE__TYPE_1ad9fe3d641607b58c19b7a1af1578a2d1" prot="public" static="no" const="no" explicit="no" inline="no" virt="non-virtual">
        <type>STATIC <ref refid="group__MESSAGE_1gaddbdb603ecc23c5f2c1aed799c413280" kindref="member">MESSAGE_CALLBACK</ref></type>
        <definition>STATIC MESSAGE_CALLBACK MESSAGE_TYPE::MessageCallBack</definition>
        <argsstring>()</argsstring>
        <name>MessageCallBack</name>
        <briefdescription>
        </briefdescription>
        <detaileddescription>
        </detaileddescription>
        <inbodydescription>
        </inbodydescription>
        <location file="Source/pin/base/message.PH" line="116" column="29"/>
      </memberdef>
      <memberdef kind="function" id="classMESSAGE__TYPE_1aaccd6eee711f4febdd2d219f590b8e95" prot="public" static="no" const="no" explicit="no" inline="no" virt="non-virtual">
        <type>STATIC BOOL</type>
        <definition>STATIC BOOL MESSAGE_TYPE::ErrorFileSpecified</definition>
        <argsstring>()</argsstring>
        <name>ErrorFileSpecified</name>
        <briefdescription>
        </briefdescription>
        <detaileddescription>
        </detaileddescription>
        <inbodydescription>
        </inbodydescription>
        <location file="Source/pin/base/message.PH" line="117" column="17"/>
      </memberdef>
      <memberdef kind="function" id="classMESSAGE__TYPE_1a0464132e822c15789756bbb0116b2a79" prot="public" static="no" const="no" explicit="no" inline="no" virt="non-virtual">
        <type></type>
        <definition>MESSAGE_TYPE::MESSAGE_TYPE</definition>
        <argsstring>(std::string name, std::string prefix, BOOL terminate, BOOL trace, BOOL enabled, BOOL resource, LOGTYPE log, std::string comment)</argsstring>
        <name>MESSAGE_TYPE</name>
        <param>
          <type>std::string</type>
          <declname>name</declname>
        </param>
        <param>
          <type>std::string</type>
          <declname>prefix</declname>
        </param>
        <param>
          <type>BOOL</type>
          <declname>terminate</declname>
        </param>
        <param>
          <type>BOOL</type>
          <declname>trace</declname>
        </param>
        <param>
          <type>BOOL</type>
          <declname>enabled</declname>
        </param>
        <param>
          <type>BOOL</type>
          <declname>resource</declname>
        </param>
        <param>
          <type><ref refid="group__MESSAGE_1ga9ca6006a59fa53a5cd728fa1efcd4b61" kindref="member">LOGTYPE</ref></type>
          <declname>log</declname>
        </param>
        <param>
          <type>std::string</type>
          <declname>comment</declname>
        </param>
        <briefdescription>
        </briefdescription>
        <detaileddescription>
        </detaileddescription>
        <inbodydescription>
        </inbodydescription>
        <location file="Source/pin/base/message.PH" line="123" column="5"/>
      </memberdef>
      <memberdef kind="function" id="classMESSAGE__TYPE_1a21a18a0e7894759ee4cc46b53b0ffbd1" prot="public" static="no" const="no" explicit="no" inline="no" virt="non-virtual">
        <type>VOID</type>
        <definition>VOID MESSAGE_TYPE::Message</definition>
        <argsstring>(const std::string &amp;message, BOOL printPrefix=TRUE, PIN_ERRTYPE errType=PIN_ERR_NONE, INT32 numArgs=0,...)</argsstring>
        <name>Message</name>
        <param>
          <type>const std::string &amp;</type>
          <declname>message</declname>
        </param>
        <param>
          <type>BOOL</type>
          <declname>printPrefix</declname>
          <defval>TRUE</defval>
        </param>
        <param>
          <type><ref refid="group__ERROR__FILE_1gaeda9680c6d7a2340a2fd22ab6302b2b9" kindref="member">PIN_ERRTYPE</ref></type>
          <declname>errType</declname>
          <defval><ref refid="group__ERROR__FILE_1ggaeda9680c6d7a2340a2fd22ab6302b2b9ae23249419158a25051069ad451c6b6c3" kindref="member">PIN_ERR_NONE</ref></defval>
        </param>
        <param>
          <type>INT32</type>
          <declname>numArgs</declname>
          <defval>0</defval>
        </param>
        <param>
          <type>...</type>
        </param>
        <briefdescription>
        </briefdescription>
        <detaileddescription>
        </detaileddescription>
        <inbodydescription>
        </inbodydescription>
        <location file="Source/pin/base/message.PH" line="126" column="10"/>
      </memberdef>
      <memberdef kind="function" id="classMESSAGE__TYPE_1a2a2537253ed947e80beabaad71b853e9" prot="public" static="no" const="no" explicit="no" inline="no" virt="non-virtual">
        <type>VOID NORETURN</type>
        <definition>VOID NORETURN MESSAGE_TYPE::MessageNoReturn</definition>
        <argsstring>(const std::string &amp;message, BOOL printPrefix=TRUE, PIN_ERRTYPE errType=PIN_ERR_NONE, INT32 numArgs=0,...)</argsstring>
        <name>MessageNoReturn</name>
        <param>
          <type>const std::string &amp;</type>
          <declname>message</declname>
        </param>
        <param>
          <type>BOOL</type>
          <declname>printPrefix</declname>
          <defval>TRUE</defval>
        </param>
        <param>
          <type><ref refid="group__ERROR__FILE_1gaeda9680c6d7a2340a2fd22ab6302b2b9" kindref="member">PIN_ERRTYPE</ref></type>
          <declname>errType</declname>
          <defval><ref refid="group__ERROR__FILE_1ggaeda9680c6d7a2340a2fd22ab6302b2b9ae23249419158a25051069ad451c6b6c3" kindref="member">PIN_ERR_NONE</ref></defval>
        </param>
        <param>
          <type>INT32</type>
          <declname>numArgs</declname>
          <defval>0</defval>
        </param>
        <param>
          <type>...</type>
        </param>
        <briefdescription>
        </briefdescription>
        <detaileddescription>
        </detaileddescription>
        <inbodydescription>
        </inbodydescription>
        <location file="Source/pin/base/message.PH" line="128" column="19"/>
      </memberdef>
      <memberdef kind="function" id="classMESSAGE__TYPE_1a6bf1e462f34cf0fd1c92a37ec2d7ab23" prot="public" static="no" const="yes" explicit="no" inline="yes" virt="non-virtual">
        <type>BOOL</type>
        <definition>BOOL MESSAGE_TYPE::on</definition>
        <argsstring>() const</argsstring>
        <name>on</name>
        <briefdescription>
        </briefdescription>
        <detaileddescription>
        </detaileddescription>
        <inbodydescription>
        </inbodydescription>
        <location file="Source/pin/base/message.PH" line="131" column="17" bodyfile="Source/pin/base/message.PH" bodystart="131" bodyend="131"/>
      </memberdef>
      <memberdef kind="function" id="classMESSAGE__TYPE_1a285f9c201322ecd133826ce441104d27" prot="public" static="no" const="no" explicit="no" inline="yes" virt="non-virtual">
        <type>VOID</type>
        <definition>VOID MESSAGE_TYPE::disable</definition>
        <argsstring>()</argsstring>
        <name>disable</name>
        <briefdescription>
        </briefdescription>
        <detaileddescription>
        </detaileddescription>
        <inbodydescription>
        </inbodydescription>
        <location file="Source/pin/base/message.PH" line="132" column="10" bodyfile="Source/pin/base/message.PH" bodystart="132" bodyend="132"/>
      </memberdef>
      <memberdef kind="function" id="classMESSAGE__TYPE_1af0a3aa10aa64429eda3b0f71ea40d39c" prot="public" static="no" const="no" explicit="no" inline="yes" virt="non-virtual">
        <type>VOID</type>
        <definition>VOID MESSAGE_TYPE::enable</definition>
        <argsstring>()</argsstring>
        <name>enable</name>
        <briefdescription>
        </briefdescription>
        <detaileddescription>
        </detaileddescription>
        <inbodydescription>
        </inbodydescription>
        <location file="Source/pin/base/message.PH" line="133" column="10" bodyfile="Source/pin/base/message.PH" bodystart="133" bodyend="133"/>
      </memberdef>
      <memberdef kind="function" id="classMESSAGE__TYPE_1a1ac7ccd0e0f75be33eda9685eb346c95" prot="public" static="no" const="yes" explicit="no" inline="no" virt="non-virtual">
        <type>int</type>
        <definition>int MESSAGE_TYPE::Compare</definition>
        <argsstring>(const MESSAGE_TYPE &amp;k2) const</argsstring>
        <name>Compare</name>
        <param>
          <type>const <ref refid="classMESSAGE__TYPE" kindref="compound">MESSAGE_TYPE</ref> &amp;</type>
          <declname>k2</declname>
        </param>
        <briefdescription>
        </briefdescription>
        <detaileddescription>
        </detaileddescription>
        <inbodydescription>
        </inbodydescription>
        <location file="Source/pin/base/message.PH" line="135" column="9"/>
      </memberdef>
      </sectiondef>
      <sectiondef kind="private-func">
      <memberdef kind="function" id="classMESSAGE__TYPE_1a07542ac21217feebd458d6ee0007c473" prot="private" static="no" const="no" explicit="no" inline="no" virt="non-virtual">
        <type>STATIC VOID</type>
        <definition>STATIC VOID MESSAGE_TYPE::DumpTrace</definition>
        <argsstring>()</argsstring>
        <name>DumpTrace</name>
        <briefdescription>
        </briefdescription>
        <detaileddescription>
        </detaileddescription>
        <inbodydescription>
        </inbodydescription>
        <location file="Source/pin/base/message.PH" line="120" column="17"/>
      </memberdef>
      <memberdef kind="function" id="classMESSAGE__TYPE_1ae06595fc020057d6e463e989068926f3" prot="private" static="no" const="no" explicit="no" inline="no" virt="non-virtual">
        <type>VOID</type>
        <definition>VOID MESSAGE_TYPE::MessageInternal</definition>
        <argsstring>(const std::string &amp;message, BOOL printPrefix, PIN_ERRTYPE errType, va_list va, INT32 numArgs)</argsstring>
        <name>MessageInternal</name>
        <param>
          <type>const std::string &amp;</type>
          <declname>message</declname>
        </param>
        <param>
          <type>BOOL</type>
          <declname>printPrefix</declname>
        </param>
        <param>
          <type><ref refid="group__ERROR__FILE_1gaeda9680c6d7a2340a2fd22ab6302b2b9" kindref="member">PIN_ERRTYPE</ref></type>
          <declname>errType</declname>
        </param>
        <param>
          <type>va_list</type>
          <declname>va</declname>
        </param>
        <param>
          <type>INT32</type>
          <declname>numArgs</declname>
        </param>
        <briefdescription>
        </briefdescription>
        <detaileddescription>
        </detaileddescription>
        <inbodydescription>
        </inbodydescription>
        <location file="Source/pin/base/message.PH" line="138" column="10"/>
      </memberdef>
      </sectiondef>
    <briefdescription>
    </briefdescription>
    <detaileddescription>
<para>class describing a message object. a message can be emitted using the Message() member function </para>
    </detaileddescription>
    <inheritancegraph>
      <node id="1">
        <label>MESSAGE_TYPE</label>
        <link refid="classMESSAGE__TYPE"/>
      </node>
      <node id="2">
        <label>MESSAGE_TYPE_ALWAYS_ON</label>
        <link refid="classMESSAGE__TYPE__ALWAYS__ON"/>
        <childnode refid="1" relation="public-inheritance">
        </childnode>
      </node>
    </inheritancegraph>
    <location file="Source/pin/base/message.PH" line="79" column="1" bodyfile="Source/pin/base/message.PH" bodystart="78" bodyend="139"/>
    <listofallmembers>
      <member refid="classMESSAGE__TYPE_1a6e3ae3d9a78013bd3b3bfd9c0f9605cb" prot="private" virt="non-virtual"><scope>MESSAGE_TYPE</scope><name>_comment</name></member>
      <member refid="classMESSAGE__TYPE_1ab518300c35d386369a8d101609aca06e" prot="private" virt="non-virtual"><scope>MESSAGE_TYPE</scope><name>_enabled</name></member>
      <member refid="classMESSAGE__TYPE_1af7c865236538332100f7a468350ceb20" prot="private" virt="non-virtual"><scope>MESSAGE_TYPE</scope><name>_list</name></member>
      <member refid="classMESSAGE__TYPE_1a72c956c3f1bb97234496e7bc3dbf79ed" prot="private" virt="non-virtual"><scope>MESSAGE_TYPE</scope><name>_log</name></member>
      <member refid="classMESSAGE__TYPE_1a42998caf8772bedd024c94b53b057efc" prot="private" virt="non-virtual"><scope>MESSAGE_TYPE</scope><name>_log_fname</name></member>
      <member refid="classMESSAGE__TYPE_1a8b9c4e99dd7b6cea4e946148c3d9488b" prot="private" virt="non-virtual"><scope>MESSAGE_TYPE</scope><name>_logstream</name></member>
      <member refid="classMESSAGE__TYPE_1a0368970b7bf8e2ed2325a4aadced6fd7" prot="private" virt="non-virtual"><scope>MESSAGE_TYPE</scope><name>_logstreamAppend</name></member>
      <member refid="classMESSAGE__TYPE_1aff0e5fee705d5d0e441661add87cb848" prot="private" virt="non-virtual"><scope>MESSAGE_TYPE</scope><name>_message_callback</name></member>
      <member refid="classMESSAGE__TYPE_1af1d157e90ed58c87eb3b10d9218573da" prot="private" virt="non-virtual"><scope>MESSAGE_TYPE</scope><name>_name</name></member>
      <member refid="classMESSAGE__TYPE_1a7cb86f4f37ac276e278d8463a9c47ad3" prot="private" virt="non-virtual"><scope>MESSAGE_TYPE</scope><name>_next</name></member>
      <member refid="classMESSAGE__TYPE_1af2832821bf31bb9095040335ad8ca7ca" prot="private" virt="non-virtual"><scope>MESSAGE_TYPE</scope><name>_panic_callback</name></member>
      <member refid="classMESSAGE__TYPE_1a43ec1d243334888743afbd70e69060e0" prot="private" virt="non-virtual"><scope>MESSAGE_TYPE</scope><name>_prefix</name></member>
      <member refid="classMESSAGE__TYPE_1a49d07a3ee5908e506ac823759ac99901" prot="private" virt="non-virtual"><scope>MESSAGE_TYPE</scope><name>_resource</name></member>
      <member refid="classMESSAGE__TYPE_1a6904665c3ad8c07b4fe5ca89505e6c61" prot="private" virt="non-virtual"><scope>MESSAGE_TYPE</scope><name>_terminate</name></member>
      <member refid="classMESSAGE__TYPE_1af5057b637454e08c15decc5ecbdc3b98" prot="private" virt="non-virtual"><scope>MESSAGE_TYPE</scope><name>_terminate_callback</name></member>
      <member refid="classMESSAGE__TYPE_1aeac1fdae81a516efe4676321a7a0a5ce" prot="private" virt="non-virtual"><scope>MESSAGE_TYPE</scope><name>_trace</name></member>
      <member refid="classMESSAGE__TYPE_1a1ac7ccd0e0f75be33eda9685eb346c95" prot="public" virt="non-virtual"><scope>MESSAGE_TYPE</scope><name>Compare</name></member>
      <member refid="classMESSAGE__TYPE_1a285f9c201322ecd133826ce441104d27" prot="public" virt="non-virtual"><scope>MESSAGE_TYPE</scope><name>disable</name></member>
      <member refid="classMESSAGE__TYPE_1a44f53e6e7cc8cf6d01a941c1cf506094" prot="public" virt="non-virtual"><scope>MESSAGE_TYPE</scope><name>Disable</name></member>
      <member refid="classMESSAGE__TYPE_1a07542ac21217feebd458d6ee0007c473" prot="private" virt="non-virtual"><scope>MESSAGE_TYPE</scope><name>DumpTrace</name></member>
      <member refid="classMESSAGE__TYPE_1af0a3aa10aa64429eda3b0f71ea40d39c" prot="public" virt="non-virtual"><scope>MESSAGE_TYPE</scope><name>enable</name></member>
      <member refid="classMESSAGE__TYPE_1a2f70e86d28809332624fd12dd3210cef" prot="public" virt="non-virtual"><scope>MESSAGE_TYPE</scope><name>Enable</name></member>
      <member refid="classMESSAGE__TYPE_1aaccd6eee711f4febdd2d219f590b8e95" prot="public" virt="non-virtual"><scope>MESSAGE_TYPE</scope><name>ErrorFileSpecified</name></member>
      <member refid="classMESSAGE__TYPE_1a81a5a88aa8a0dab08a4caa67e36c896c" prot="public" virt="non-virtual"><scope>MESSAGE_TYPE</scope><name>Find</name></member>
      <member refid="classMESSAGE__TYPE_1a6b23941d1c6892936fbd0fb79fd1cfe0" prot="public" virt="non-virtual"><scope>MESSAGE_TYPE</scope><name>GetLogFileName</name></member>
      <member refid="classMESSAGE__TYPE_1a8e1ecbdb41e1ec4166f51cfeefa8b69c" prot="public" virt="non-virtual"><scope>MESSAGE_TYPE</scope><name>IsTerminating</name></member>
      <member refid="classMESSAGE__TYPE_1a21a18a0e7894759ee4cc46b53b0ffbd1" prot="public" virt="non-virtual"><scope>MESSAGE_TYPE</scope><name>Message</name></member>
      <member refid="classMESSAGE__TYPE_1a0464132e822c15789756bbb0116b2a79" prot="public" virt="non-virtual"><scope>MESSAGE_TYPE</scope><name>MESSAGE_TYPE</name></member>
      <member refid="classMESSAGE__TYPE_1ad9fe3d641607b58c19b7a1af1578a2d1" prot="public" virt="non-virtual"><scope>MESSAGE_TYPE</scope><name>MessageCallBack</name></member>
      <member refid="classMESSAGE__TYPE_1ae06595fc020057d6e463e989068926f3" prot="private" virt="non-virtual"><scope>MESSAGE_TYPE</scope><name>MessageInternal</name></member>
      <member refid="classMESSAGE__TYPE_1a2a2537253ed947e80beabaad71b853e9" prot="public" virt="non-virtual"><scope>MESSAGE_TYPE</scope><name>MessageNoReturn</name></member>
      <member refid="classMESSAGE__TYPE_1a95f44bfc1a3ab0e10b770539d1f92d84" prot="public" virt="non-virtual"><scope>MESSAGE_TYPE</scope><name>Number</name></member>
      <member refid="classMESSAGE__TYPE_1a6bf1e462f34cf0fd1c92a37ec2d7ab23" prot="public" virt="non-virtual"><scope>MESSAGE_TYPE</scope><name>on</name></member>
      <member refid="classMESSAGE__TYPE_1af6932486fcdc805c6aab9b498df873be" prot="public" virt="non-virtual"><scope>MESSAGE_TYPE</scope><name>PrintMessageAndExit</name></member>
      <member refid="classMESSAGE__TYPE_1aeea8c63a24135cc8d02fa23ba1cca9ea" prot="public" virt="non-virtual"><scope>MESSAGE_TYPE</scope><name>RegisterLogFile</name></member>
      <member refid="classMESSAGE__TYPE_1a1b298257ac6adfc8e8b4ded4850914dc" prot="public" virt="non-virtual"><scope>MESSAGE_TYPE</scope><name>RegisterMessageCallBack</name></member>
      <member refid="classMESSAGE__TYPE_1a2fa174a8e810ed231ebed8eda11b0ac5" prot="public" virt="non-virtual"><scope>MESSAGE_TYPE</scope><name>RegisterPanicCallBack</name></member>
      <member refid="classMESSAGE__TYPE_1ad4b716c9102190b3bbe9396d17453abe" prot="public" virt="non-virtual"><scope>MESSAGE_TYPE</scope><name>RegisterTerminateCallBack</name></member>
      <member refid="classMESSAGE__TYPE_1a94b6e289b48f7aeea80256c9c6bae118" prot="public" virt="non-virtual"><scope>MESSAGE_TYPE</scope><name>StringLongAll</name></member>
      <member refid="classMESSAGE__TYPE_1ad4f084850024552a9698d4f0a2c19741" prot="public" virt="non-virtual"><scope>MESSAGE_TYPE</scope><name>UnregisterMessageCallBack</name></member>
    </listofallmembers>
  </compounddef>
</doxygen>
