<?xml version='1.0' encoding='UTF-8' standalone='no'?>
<doxygen xmlns:xsi="http://www.w3.org/2001/XMLSchema-instance" xsi:noNamespaceSchemaLocation="compound.xsd" version="1.8.17">
  <compounddef id="classKNOB" kind="class" language="C++" prot="public">
    <compoundname>KNOB</compoundname>
    <basecompoundref refid="classKNOB__BASE" prot="public" virt="non-virtual">KNOB_BASE</basecompoundref>
    <templateparamlist>
      <param>
        <type>class TYPE</type>
      </param>
    </templateparamlist>
      <sectiondef kind="private-type">
      <memberdef kind="typedef" id="classKNOB_1af6375ae230666c7f14f95f98dcb6be44" prot="private" static="no">
        <type><ref refid="classKNOBVALUE__LIST" kindref="compound">KNOBVALUE_LIST</ref>&lt; TYPE &gt;</type>
        <definition>typedef KNOBVALUE_LIST&lt; TYPE &gt; KNOB&lt; TYPE &gt;::valuelist</definition>
        <argsstring></argsstring>
        <name>valuelist</name>
        <briefdescription>
        </briefdescription>
        <detaileddescription>
        </detaileddescription>
        <inbodydescription>
        </inbodydescription>
        <location file="Source/pin/base/knob.PH" line="372" column="28" bodyfile="Source/pin/base/knob.PH" bodystart="372" bodyend="-1"/>
      </memberdef>
      </sectiondef>
      <sectiondef kind="private-attrib">
      <memberdef kind="variable" id="classKNOB_1ab21f478445e3b3a6729e94c5ad168ecb" prot="private" static="no" mutable="no">
        <type><ref refid="classKNOBVALUE__LIST" kindref="compound">valuelist</ref></type>
        <definition>valuelist KNOB&lt; TYPE &gt;::_value_list</definition>
        <argsstring></argsstring>
        <name>_value_list</name>
        <briefdescription>
        </briefdescription>
        <detaileddescription>
        </detaileddescription>
        <inbodydescription>
        </inbodydescription>
        <location file="Source/pin/base/knob.PH" line="373" column="15" bodyfile="Source/pin/base/knob.PH" bodystart="373" bodyend="-1"/>
      </memberdef>
      </sectiondef>
      <sectiondef kind="private-func">
      <memberdef kind="function" id="classKNOB_1a75c5b35f6de0b64403b554e91a6f28b9" prot="private" static="no" const="no" explicit="no" inline="yes" virt="non-virtual">
        <type></type>
        <definition>KNOB&lt; TYPE &gt;::KNOB</definition>
        <argsstring>()</argsstring>
        <name>KNOB</name>
        <briefdescription>
        </briefdescription>
        <detaileddescription>
        </detaileddescription>
        <inbodydescription>
        </inbodydescription>
        <location file="Source/pin/base/knob.PH" line="376" column="5" bodyfile="Source/pin/base/knob.PH" bodystart="376" bodyend="376"/>
      </memberdef>
      <memberdef kind="function" id="classKNOB_1aa5af2d304ed241af221ff1d63c5e0167" prot="private" static="no" const="no" explicit="no" inline="yes" virt="non-virtual">
        <type></type>
        <definition>KNOB&lt; TYPE &gt;::KNOB</definition>
        <argsstring>(const KNOB &amp;)</argsstring>
        <name>KNOB</name>
        <param>
          <type>const <ref refid="classKNOB" kindref="compound">KNOB</ref> &amp;</type>
        </param>
        <briefdescription>
        </briefdescription>
        <detaileddescription>
        </detaileddescription>
        <inbodydescription>
        </inbodydescription>
        <location file="Source/pin/base/knob.PH" line="378" column="5" bodyfile="Source/pin/base/knob.PH" bodystart="378" bodyend="378"/>
      </memberdef>
      <memberdef kind="function" id="classKNOB_1ac71081c64f0b950d84e47f16fa2d0c67" prot="private" static="no" const="no" explicit="no" inline="yes" virt="non-virtual">
        <type><ref refid="classKNOB" kindref="compound">KNOB</ref> &amp;</type>
        <definition>KNOB&amp; KNOB&lt; TYPE &gt;::operator=</definition>
        <argsstring>(const KNOB &amp;)</argsstring>
        <name>operator=</name>
        <param>
          <type>const <ref refid="classKNOB" kindref="compound">KNOB</ref> &amp;</type>
        </param>
        <briefdescription>
        </briefdescription>
        <detaileddescription>
        </detaileddescription>
        <inbodydescription>
        </inbodydescription>
        <location file="Source/pin/base/knob.PH" line="380" column="10" bodyfile="Source/pin/base/knob.PH" bodystart="380" bodyend="380"/>
      </memberdef>
      </sectiondef>
      <sectiondef kind="public-func">
      <memberdef kind="function" id="classKNOB_1a4ef7d9d77ffe6e79cbd976d0e8f546a1" prot="public" static="no" const="no" explicit="no" inline="yes" virt="non-virtual">
        <type></type>
        <definition>KNOB&lt; TYPE &gt;::KNOB</definition>
        <argsstring>(KNOB_MODE mymode, const std::string &amp;myfamily, const std::string &amp;myname, const std::string &amp;mydefault, const std::string &amp;mypurpose, const std::string &amp;myprefix=&quot;&quot;)</argsstring>
        <name>KNOB</name>
        <param>
          <type><ref refid="group__KNOBS_1ga01b1a33077e2fdfab743da94c406dce3" kindref="member">KNOB_MODE</ref></type>
          <declname>mymode</declname>
        </param>
        <param>
          <type>const std::string &amp;</type>
          <declname>myfamily</declname>
        </param>
        <param>
          <type>const std::string &amp;</type>
          <declname>myname</declname>
        </param>
        <param>
          <type>const std::string &amp;</type>
          <declname>mydefault</declname>
        </param>
        <param>
          <type>const std::string &amp;</type>
          <declname>mypurpose</declname>
        </param>
        <param>
          <type>const std::string &amp;</type>
          <declname>myprefix</declname>
          <defval>&quot;&quot;</defval>
        </param>
        <briefdescription>
        </briefdescription>
        <detaileddescription>
        </detaileddescription>
        <inbodydescription>
        </inbodydescription>
        <location file="Source/pin/base/knob.PH" line="383" column="5" bodyfile="Source/pin/base/knob.PH" bodystart="383" bodyend="387"/>
      </memberdef>
      <memberdef kind="function" id="classKNOB_1a5b1506d2cde193face6f23e41d248d5e" prot="public" static="no" const="no" explicit="no" inline="yes" virt="virtual">
        <type>BOOL</type>
        <definition>BOOL KNOB&lt; TYPE &gt;::AddValue</definition>
        <argsstring>(const std::string &amp;valstring)</argsstring>
        <name>AddValue</name>
        <reimplements refid="classKNOB__BASE_1a270a63768d7429221fbdf2660602ec75">AddValue</reimplements>
        <param>
          <type>const std::string &amp;</type>
          <declname>valstring</declname>
        </param>
        <briefdescription>
        </briefdescription>
        <detaileddescription>
<para>The function operate differently based on the knob&apos;s mode:</para>
<para>KNOB_MODE_WRITEONCE - Set knob&apos;s value with the specified value. If the knob was already given a value, exit with PIN_ERROR. unless knob was initialized from command line (knobs which are....) KNOB_MODE_OVERWRITE - Overwrite knob&apos;s value with the specified value unless knob was initialized from command line (knobs which were initialized with a value in the command line by the user are not permitted to be changed). KNOB_MODE_ACCUMULATE - Add the value to the knob&apos;s former value. If the knob wasn&apos;t given a value before, make it the knob&apos;s value. KNOB_MODE_APPEND - Concatenate the value to the knob&apos;s value list.</para>
<para><simplesect kind="return"><para>TRUE if the value of the knob got changed, False otherwise. </para>
</simplesect>
</para>
        </detaileddescription>
        <inbodydescription>
        </inbodydescription>
        <location file="Source/pin/base/knob.PH" line="402" column="10" bodyfile="Source/pin/base/knob.PH" bodystart="402" bodyend="437"/>
      </memberdef>
      <memberdef kind="function" id="classKNOB_1a049ca670539463b316c553e0c2a61d28" prot="public" static="no" const="no" explicit="no" inline="yes" virt="virtual">
        <type>const std::string</type>
        <definition>const std::string KNOB&lt; TYPE &gt;::Type</definition>
        <argsstring>()</argsstring>
        <name>Type</name>
        <reimplements refid="classKNOB__BASE_1ad4d0e9d09d0d5d17aaca47b99deaab8c">Type</reimplements>
        <briefdescription>
        </briefdescription>
        <detaileddescription>
        </detaileddescription>
        <inbodydescription>
        </inbodydescription>
        <location file="Source/pin/base/knob.PH" line="443" column="23" bodyfile="Source/pin/base/knob.PH" bodystart="443" bodyend="443"/>
      </memberdef>
      <memberdef kind="function" id="classKNOB_1a92fec9fc1279aa8b819b0eedfe75d4b2" prot="public" static="no" const="yes" explicit="no" inline="yes" virt="non-virtual">
        <type>const TYPE &amp;</type>
        <definition>const TYPE&amp; KNOB&lt; TYPE &gt;::Value</definition>
        <argsstring>() const</argsstring>
        <name>Value</name>
        <briefdescription>
        </briefdescription>
        <detaileddescription>
        </detaileddescription>
        <inbodydescription>
        </inbodydescription>
        <location file="Source/pin/base/knob.PH" line="445" column="16" bodyfile="Source/pin/base/knob.PH" bodystart="445" bodyend="448"/>
      </memberdef>
      <memberdef kind="function" id="classKNOB_1a6d0d41e70f1b2750610704f57e32515a" prot="public" static="no" const="yes" explicit="no" inline="yes" virt="non-virtual">
        <type>const std::string &amp;</type>
        <definition>const std::string&amp; KNOB&lt; TYPE &gt;::ValueString</definition>
        <argsstring>() const</argsstring>
        <name>ValueString</name>
        <briefdescription>
        </briefdescription>
        <detaileddescription>
        </detaileddescription>
        <inbodydescription>
        </inbodydescription>
        <location file="Source/pin/base/knob.PH" line="449" column="23" bodyfile="Source/pin/base/knob.PH" bodystart="449" bodyend="452"/>
      </memberdef>
      <memberdef kind="function" id="classKNOB_1a30ee940fe3d2250e1607eb99a6fe0ab6" prot="public" static="no" const="yes" explicit="no" inline="yes" virt="non-virtual">
        <type></type>
        <definition>KNOB&lt; TYPE &gt;::operator TYPE</definition>
        <argsstring>() const</argsstring>
        <name>operator TYPE</name>
        <briefdescription>
        </briefdescription>
        <detaileddescription>
        </detaileddescription>
        <inbodydescription>
        </inbodydescription>
        <location file="Source/pin/base/knob.PH" line="454" column="5" bodyfile="Source/pin/base/knob.PH" bodystart="454" bodyend="454"/>
      </memberdef>
      <memberdef kind="function" id="classKNOB_1af06a1d06ec0a4097db11c718eaa72a9d" prot="public" static="no" const="no" explicit="no" inline="yes" virt="non-virtual">
        <type>const TYPE &amp;</type>
        <definition>const TYPE&amp; KNOB&lt; TYPE &gt;::Value</definition>
        <argsstring>(const UINT32 index)</argsstring>
        <name>Value</name>
        <param>
          <type>const UINT32</type>
          <declname>index</declname>
        </param>
        <briefdescription>
        </briefdescription>
        <detaileddescription>
        </detaileddescription>
        <inbodydescription>
        </inbodydescription>
        <location file="Source/pin/base/knob.PH" line="456" column="16" bodyfile="Source/pin/base/knob.PH" bodystart="456" bodyend="460"/>
      </memberdef>
      <memberdef kind="function" id="classKNOB_1abb04428a81cd9fefcfc0431512df0caa" prot="public" static="no" const="yes" explicit="no" inline="yes" virt="virtual">
        <type>const std::string &amp;</type>
        <definition>const std::string&amp; KNOB&lt; TYPE &gt;::ValueString</definition>
        <argsstring>(const UINT32 index) const</argsstring>
        <name>ValueString</name>
        <reimplements refid="classKNOB__BASE_1aea7a4485f5f730891e84dfc22c9ec80f">ValueString</reimplements>
        <param>
          <type>const UINT32</type>
          <declname>index</declname>
        </param>
        <briefdescription>
        </briefdescription>
        <detaileddescription>
        </detaileddescription>
        <inbodydescription>
        </inbodydescription>
        <location file="Source/pin/base/knob.PH" line="461" column="23" bodyfile="Source/pin/base/knob.PH" bodystart="461" bodyend="461"/>
      </memberdef>
      <memberdef kind="function" id="classKNOB_1a7a0c24ca138358cc87c2ebad31f95ea7" prot="public" static="no" const="yes" explicit="no" inline="yes" virt="virtual">
        <type>UINT32</type>
        <definition>UINT32 KNOB&lt; TYPE &gt;::NumberOfValues</definition>
        <argsstring>() const</argsstring>
        <name>NumberOfValues</name>
        <reimplements refid="classKNOB__BASE_1ab2b8d83f06c44e5eeba257f50f98d255">NumberOfValues</reimplements>
        <briefdescription>
        </briefdescription>
        <detaileddescription>
        </detaileddescription>
        <inbodydescription>
        </inbodydescription>
        <location file="Source/pin/base/knob.PH" line="462" column="12" bodyfile="Source/pin/base/knob.PH" bodystart="462" bodyend="462"/>
      </memberdef>
      </sectiondef>
    <briefdescription>
    </briefdescription>
    <detaileddescription>
<para>typed knob </para>
    </detaileddescription>
    <inheritancegraph>
      <node id="2">
        <label>KNOB_BASE</label>
        <link refid="classKNOB__BASE"/>
      </node>
      <node id="1">
        <label>KNOB&lt; TYPE &gt;</label>
        <link refid="classKNOB"/>
        <childnode refid="2" relation="public-inheritance">
        </childnode>
      </node>
    </inheritancegraph>
    <collaborationgraph>
      <node id="2">
        <label>KNOB_BASE</label>
        <link refid="classKNOB__BASE"/>
        <childnode refid="2" relation="usage">
          <edgelabel>_next</edgelabel>
        </childnode>
      </node>
      <node id="1">
        <label>KNOB&lt; TYPE &gt;</label>
        <link refid="classKNOB"/>
        <childnode refid="2" relation="public-inheritance">
        </childnode>
      </node>
    </collaborationgraph>
    <location file="Source/pin/base/knob.PH" line="370" column="1" bodyfile="Source/pin/base/knob.PH" bodystart="369" bodyend="463"/>
    <listofallmembers>
      <member refid="classKNOB__BASE_1a3aa8741ff7349577d5d4d3dc4ee951c3" prot="protected" virt="non-virtual"><scope>KNOB</scope><name>_default_value</name></member>
      <member refid="classKNOB__BASE_1a16a631a814441d1094c56c117e91b3b8" prot="protected" virt="non-virtual"><scope>KNOB</scope><name>_disabled</name></member>
      <member refid="classKNOB__BASE_1abd71830217069e7d01a498bd88eac450" prot="protected" virt="non-virtual"><scope>KNOB</scope><name>_family</name></member>
      <member refid="classKNOB__BASE_1a453060fcf7f19f31bd00f201df201a2b" prot="protected" virt="non-virtual"><scope>KNOB</scope><name>_mode</name></member>
      <member refid="classKNOB__BASE_1a63e1212ef5e3cd46ba4e748ce28f250d" prot="protected" virt="non-virtual"><scope>KNOB</scope><name>_name</name></member>
      <member refid="classKNOB__BASE_1acbe8d1c3db91a7d098a88bac420fddce" prot="protected" virt="non-virtual"><scope>KNOB</scope><name>_next</name></member>
      <member refid="classKNOB__BASE_1a324cb1dd60291ed01734c6724e4b2709" prot="protected" virt="non-virtual"><scope>KNOB</scope><name>_nreads</name></member>
      <member refid="classKNOB__BASE_1a95a0b3f678a49ccefd63ee654e575caa" prot="protected" virt="non-virtual"><scope>KNOB</scope><name>_nwrites</name></member>
      <member refid="classKNOB__BASE_1a54897f08cb427864b97c8079c43b08ac" prot="protected" virt="non-virtual"><scope>KNOB</scope><name>_purpose</name></member>
      <member refid="classKNOB_1ab21f478445e3b3a6729e94c5ad168ecb" prot="private" virt="non-virtual"><scope>KNOB</scope><name>_value_list</name></member>
      <member refid="classKNOB_1a5b1506d2cde193face6f23e41d248d5e" prot="public" virt="virtual"><scope>KNOB</scope><name>AddValue</name></member>
      <member refid="group__KNOBS_1ga2fcfca47402cd938d252057d069f8d5f" prot="public" virt="non-virtual"><scope>KNOB</scope><name>CheckAllKnobs</name></member>
      <member refid="classKNOB__BASE_1a067327bbee071d5ede24029fa08ceb29" prot="public" virt="non-virtual"><scope>KNOB</scope><name>Cmd</name></member>
      <member refid="group__KNOBS_1gacd9de79dcbf4f1a1c81b49b855946f21" prot="public" virt="non-virtual"><scope>KNOB</scope><name>Compare</name></member>
      <member refid="group__KNOBS_1ga7c9e1403f7c8a6fba37c3ac996d6be95" prot="public" virt="non-virtual"><scope>KNOB</scope><name>DisableKnob</name></member>
      <member refid="group__KNOBS_1gad656bbb39020e93d3473e1b487f10454" prot="public" virt="non-virtual"><scope>KNOB</scope><name>DisableKnobFamily</name></member>
      <member refid="classKNOB__BASE_1aa1c71e42c318d33bae571cb84faf5ac0" prot="public" virt="non-virtual"><scope>KNOB</scope><name>Enabled</name></member>
      <member refid="group__KNOBS_1ga7f643695d61e52c3661520856d833227" prot="public" virt="non-virtual"><scope>KNOB</scope><name>EnableKnob</name></member>
      <member refid="group__KNOBS_1ga425fd0c8dcca5474e370996bdf8d7e4f" prot="public" virt="non-virtual"><scope>KNOB</scope><name>EnableKnobFamily</name></member>
      <member refid="classKNOB__BASE_1a092ea50d9f86ab2d127abe9b509b44ab" prot="public" virt="non-virtual"><scope>KNOB</scope><name>Family</name></member>
      <member refid="group__KNOBS_1ga774759bc7958969faaf7c0ab2b54140e" prot="public" virt="non-virtual"><scope>KNOB</scope><name>FindEnabledKnob</name></member>
      <member refid="group__KNOBS_1gafdae42294d965667722be42650912e40" prot="public" virt="non-virtual"><scope>KNOB</scope><name>FindFamily</name></member>
      <member refid="group__KNOBS_1gacd1f4eb7e9c4b3aa933cf62d3612e31c" prot="public" virt="non-virtual"><scope>KNOB</scope><name>FindKnob</name></member>
      <member refid="classKNOB_1a75c5b35f6de0b64403b554e91a6f28b9" prot="private" virt="non-virtual"><scope>KNOB</scope><name>KNOB</name></member>
      <member refid="classKNOB_1aa5af2d304ed241af221ff1d63c5e0167" prot="private" virt="non-virtual"><scope>KNOB</scope><name>KNOB</name></member>
      <member refid="classKNOB_1a4ef7d9d77ffe6e79cbd976d0e8f546a1" prot="public" virt="non-virtual"><scope>KNOB</scope><name>KNOB</name></member>
      <member refid="group__KNOBS_1gae687bfe5eaee90493c5ebb582da31f74" prot="public" virt="non-virtual"><scope>KNOB</scope><name>KNOB_BASE</name></member>
      <member refid="classKNOB__BASE_1a928543cb1c64970cdac9ba16e4f3cc20" prot="public" virt="non-virtual"><scope>KNOB</scope><name>Mode</name></member>
      <member refid="classKNOB__BASE_1ae937861c9dff616fa951a044c6553e3a" prot="public" virt="non-virtual"><scope>KNOB</scope><name>Name</name></member>
      <member refid="group__KNOBS_1ga6ea4921d7034f43bb963f4f90b6399dc" prot="public" virt="non-virtual"><scope>KNOB</scope><name>NumberOfKnobs</name></member>
      <member refid="classKNOB_1a7a0c24ca138358cc87c2ebad31f95ea7" prot="public" virt="virtual"><scope>KNOB</scope><name>NumberOfValues</name></member>
      <member refid="classKNOB_1a30ee940fe3d2250e1607eb99a6fe0ab6" prot="public" virt="non-virtual"><scope>KNOB</scope><name>operator TYPE</name></member>
      <member refid="classKNOB_1ac71081c64f0b950d84e47f16fa2d0c67" prot="private" virt="non-virtual"><scope>KNOB</scope><name>operator=</name></member>
      <member refid="group__KNOBS_1ga39dcece2c6dd3d8c4662af611da7d9d5" prot="public" virt="non-virtual"><scope>KNOB</scope><name>SetByUser</name></member>
      <member refid="classKNOB__BASE_1a318fe2cdddf688d46be75afc22520b84" prot="public" virt="non-virtual"><scope>KNOB</scope><name>SetDeveloperFlagsEnabled</name></member>
      <member refid="classKNOB__BASE_1a9547b1c608d981c6554bb417de415268" prot="public" virt="non-virtual"><scope>KNOB</scope><name>SetParsingDone</name></member>
      <member refid="group__KNOBS_1ga6fbe7181260cd701b0fa884c2958074e" prot="public" virt="non-virtual"><scope>KNOB</scope><name>StringKnobSummary</name></member>
      <member refid="group__KNOBS_1gaddac5ec80d3b48ee9a0ee09a561129e5" prot="public" virt="non-virtual"><scope>KNOB</scope><name>StringLongAll</name></member>
      <member refid="group__KNOBS_1ga705f2dbe45c3440e13b67e7921ad1625" prot="public" virt="non-virtual"><scope>KNOB</scope><name>TurnOnSetByUser</name></member>
      <member refid="classKNOB_1a049ca670539463b316c553e0c2a61d28" prot="public" virt="virtual"><scope>KNOB</scope><name>Type</name></member>
      <member refid="classKNOB_1a92fec9fc1279aa8b819b0eedfe75d4b2" prot="public" virt="non-virtual"><scope>KNOB</scope><name>Value</name></member>
      <member refid="classKNOB_1af06a1d06ec0a4097db11c718eaa72a9d" prot="public" virt="non-virtual"><scope>KNOB</scope><name>Value</name></member>
      <member refid="classKNOB_1af6375ae230666c7f14f95f98dcb6be44" prot="private" virt="non-virtual"><scope>KNOB</scope><name>valuelist</name></member>
      <member refid="classKNOB_1a6d0d41e70f1b2750610704f57e32515a" prot="public" virt="non-virtual"><scope>KNOB</scope><name>ValueString</name></member>
      <member refid="classKNOB_1abb04428a81cd9fefcfc0431512df0caa" prot="public" virt="virtual"><scope>KNOB</scope><name>ValueString</name></member>
      <member refid="classKNOB__BASE_1a02443a1218e7b8a39fb29db95d95f194" prot="public" virt="non-virtual"><scope>KNOB</scope><name>WasDeveloperFlagsEnabled</name></member>
      <member refid="classKNOB__BASE_1a0a80b438ec43bb40ac54ee98c6613614" prot="public" virt="non-virtual"><scope>KNOB</scope><name>WasParsingDone</name></member>
      <member refid="classKNOB__BASE_1acf930ad940595b3813002386ed32bb5c" prot="public" virt="virtual"><scope>KNOB</scope><name>~KNOB_BASE</name></member>
    </listofallmembers>
  </compounddef>
</doxygen>
