<?xml version='1.0' encoding='UTF-8' standalone='no'?>
<doxygen xmlns:xsi="http://www.w3.org/2001/XMLSchema-instance" xsi:noNamespaceSchemaLocation="compound.xsd" version="1.8.17">
  <compounddef id="classADDRESS__RANGE" kind="class" language="C++" prot="public">
    <compoundname>ADDRESS_RANGE</compoundname>
      <sectiondef kind="public-attrib">
      <memberdef kind="variable" id="classADDRESS__RANGE_1a9609127a2470559d47d29da169b4238c" prot="public" static="no" mutable="no">
        <type>ADDRINT</type>
        <definition>ADDRINT ADDRESS_RANGE::_low</definition>
        <argsstring></argsstring>
        <name>_low</name>
        <briefdescription>
        </briefdescription>
        <detaileddescription>
        </detaileddescription>
        <inbodydescription>
        </inbodydescription>
        <location file="Source/pin/base/knob.PH" line="493" column="13" bodyfile="Source/pin/base/knob.PH" bodystart="493" bodyend="-1"/>
      </memberdef>
      <memberdef kind="variable" id="classADDRESS__RANGE_1add63add0a304a4fbdd700601827a45c6" prot="public" static="no" mutable="no">
        <type>ADDRINT</type>
        <definition>ADDRINT ADDRESS_RANGE::_high</definition>
        <argsstring></argsstring>
        <name>_high</name>
        <briefdescription>
        </briefdescription>
        <detaileddescription>
        </detaileddescription>
        <inbodydescription>
        </inbodydescription>
        <location file="Source/pin/base/knob.PH" line="494" column="13" bodyfile="Source/pin/base/knob.PH" bodystart="494" bodyend="-1"/>
      </memberdef>
      </sectiondef>
      <sectiondef kind="public-func">
      <memberdef kind="function" id="classADDRESS__RANGE_1a9dab249f0eb6283bf510744fd2e82582" prot="public" static="no" const="no" explicit="no" inline="yes" virt="non-virtual">
        <type></type>
        <definition>ADDRESS_RANGE::ADDRESS_RANGE</definition>
        <argsstring>(ADDRINT low, ADDRINT high)</argsstring>
        <name>ADDRESS_RANGE</name>
        <param>
          <type>ADDRINT</type>
          <declname>low</declname>
        </param>
        <param>
          <type>ADDRINT</type>
          <declname>high</declname>
        </param>
        <briefdescription>
        </briefdescription>
        <detaileddescription>
        </detaileddescription>
        <inbodydescription>
        </inbodydescription>
        <location file="Source/pin/base/knob.PH" line="481" column="5" bodyfile="Source/pin/base/knob.PH" bodystart="481" bodyend="485"/>
      </memberdef>
      <memberdef kind="function" id="classADDRESS__RANGE_1a122f27c7ceb51ab036b975d93a06f6eb" prot="public" static="no" const="no" explicit="no" inline="yes" virt="non-virtual">
        <type></type>
        <definition>ADDRESS_RANGE::ADDRESS_RANGE</definition>
        <argsstring>()</argsstring>
        <name>ADDRESS_RANGE</name>
        <briefdescription>
        </briefdescription>
        <detaileddescription>
        </detaileddescription>
        <inbodydescription>
        </inbodydescription>
        <location file="Source/pin/base/knob.PH" line="487" column="5" bodyfile="Source/pin/base/knob.PH" bodystart="487" bodyend="491"/>
      </memberdef>
      <memberdef kind="function" id="classADDRESS__RANGE_1a27331db8c8fa3fee3149b5a76e387d2f" prot="public" static="no" const="no" explicit="no" inline="yes" virt="non-virtual">
        <type><ref refid="classADDRESS__RANGE" kindref="compound">ADDRESS_RANGE</ref> &amp;</type>
        <definition>ADDRESS_RANGE&amp; ADDRESS_RANGE::operator+=</definition>
        <argsstring>(const ADDRESS_RANGE &amp;right)</argsstring>
        <name>operator+=</name>
        <param>
          <type>const <ref refid="classADDRESS__RANGE" kindref="compound">ADDRESS_RANGE</ref> &amp;</type>
          <declname>right</declname>
        </param>
        <briefdescription>
        </briefdescription>
        <detaileddescription>
        </detaileddescription>
        <inbodydescription>
        </inbodydescription>
        <location file="Source/pin/base/knob.PH" line="496" column="19" bodyfile="Source/pin/base/knob.PH" bodystart="496" bodyend="496"/>
      </memberdef>
      <memberdef kind="function" id="classADDRESS__RANGE_1a5e2a8c97fcadf3d57315ace173bd07a1" prot="public" static="no" const="yes" explicit="no" inline="yes" virt="non-virtual">
        <type>std::string</type>
        <definition>std::string ADDRESS_RANGE::String</definition>
        <argsstring>() const</argsstring>
        <name>String</name>
        <briefdescription>
        </briefdescription>
        <detaileddescription>
        </detaileddescription>
        <inbodydescription>
        </inbodydescription>
        <location file="Source/pin/base/knob.PH" line="498" column="17" bodyfile="Source/pin/base/knob.PH" bodystart="498" bodyend="498"/>
      </memberdef>
      <memberdef kind="function" id="classADDRESS__RANGE_1a9303beb1ade99a9bf6b9ca71254bc9fa" prot="public" static="no" const="yes" explicit="no" inline="yes" virt="non-virtual">
        <type>BOOL</type>
        <definition>BOOL ADDRESS_RANGE::Valid</definition>
        <argsstring>() const</argsstring>
        <name>Valid</name>
        <briefdescription>
        </briefdescription>
        <detaileddescription>
        </detaileddescription>
        <inbodydescription>
        </inbodydescription>
        <location file="Source/pin/base/knob.PH" line="500" column="10" bodyfile="Source/pin/base/knob.PH" bodystart="500" bodyend="500"/>
      </memberdef>
      <memberdef kind="function" id="classADDRESS__RANGE_1af4a2d348f9fc39bd8dea4ef35b30ec56" prot="public" static="no" const="yes" explicit="no" inline="yes" virt="non-virtual">
        <type>ADDRINT</type>
        <definition>ADDRINT ADDRESS_RANGE::Size</definition>
        <argsstring>() const</argsstring>
        <name>Size</name>
        <briefdescription>
        </briefdescription>
        <detaileddescription>
        </detaileddescription>
        <inbodydescription>
        </inbodydescription>
        <location file="Source/pin/base/knob.PH" line="502" column="13" bodyfile="Source/pin/base/knob.PH" bodystart="502" bodyend="502"/>
      </memberdef>
      </sectiondef>
    <briefdescription>
    </briefdescription>
    <detaileddescription>
<para>Minimal type for representing address ranges to be used as a value of a knob </para>
    </detaileddescription>
    <location file="Source/pin/base/knob.PH" line="479" column="1" bodyfile="Source/pin/base/knob.PH" bodystart="478" bodyend="503"/>
    <listofallmembers>
      <member refid="classADDRESS__RANGE_1add63add0a304a4fbdd700601827a45c6" prot="public" virt="non-virtual"><scope>ADDRESS_RANGE</scope><name>_high</name></member>
      <member refid="classADDRESS__RANGE_1a9609127a2470559d47d29da169b4238c" prot="public" virt="non-virtual"><scope>ADDRESS_RANGE</scope><name>_low</name></member>
      <member refid="classADDRESS__RANGE_1a9dab249f0eb6283bf510744fd2e82582" prot="public" virt="non-virtual"><scope>ADDRESS_RANGE</scope><name>ADDRESS_RANGE</name></member>
      <member refid="classADDRESS__RANGE_1a122f27c7ceb51ab036b975d93a06f6eb" prot="public" virt="non-virtual"><scope>ADDRESS_RANGE</scope><name>ADDRESS_RANGE</name></member>
      <member refid="classADDRESS__RANGE_1a27331db8c8fa3fee3149b5a76e387d2f" prot="public" virt="non-virtual"><scope>ADDRESS_RANGE</scope><name>operator+=</name></member>
      <member refid="classADDRESS__RANGE_1af4a2d348f9fc39bd8dea4ef35b30ec56" prot="public" virt="non-virtual"><scope>ADDRESS_RANGE</scope><name>Size</name></member>
      <member refid="classADDRESS__RANGE_1a5e2a8c97fcadf3d57315ace173bd07a1" prot="public" virt="non-virtual"><scope>ADDRESS_RANGE</scope><name>String</name></member>
      <member refid="classADDRESS__RANGE_1a9303beb1ade99a9bf6b9ca71254bc9fa" prot="public" virt="non-virtual"><scope>ADDRESS_RANGE</scope><name>Valid</name></member>
    </listofallmembers>
  </compounddef>
</doxygen>
