<?xml version='1.0' encoding='UTF-8' standalone='no'?>
<doxygen xmlns:xsi="http://www.w3.org/2001/XMLSchema-instance" xsi:noNamespaceSchemaLocation="compound.xsd" version="1.8.17">
  <compounddef id="deprecated__client_8PH" kind="file" language="C++">
    <compoundname>deprecated_client.PH</compoundname>
      <sectiondef kind="define">
      <memberdef kind="define" id="deprecated__client_8PH_1a0fc3a4ee934416f321afb9fdd5f56f4e" prot="public" static="no">
        <name>PIN_G_DEPRECATED_CLIENT_PH</name>
        <briefdescription>
        </briefdescription>
        <detaileddescription>
        </detaileddescription>
        <inbodydescription>
        </inbodydescription>
        <location file="Source/pin/pin/deprecated_client.PH" line="9" column="10" bodyfile="Source/pin/pin/deprecated_client.PH" bodystart="9" bodyend="-1"/>
      </memberdef>
      </sectiondef>
      <sectiondef kind="func">
      <memberdef kind="function" id="group__DEPRECATED_1ga7ab8e8cbb95e48a9d602974165d32da6" prot="public" static="no" const="no" explicit="no" inline="no" virt="non-virtual">
        <type>PIN_DEPRECATED_API VOID</type>
        <definition>PIN_DEPRECATED_API VOID CALLBACK_SetExecutionPriority</definition>
        <argsstring>(PIN_CALLBACK callback, INT32 priority)</argsstring>
        <name>CALLBACK_SetExecutionPriority</name>
        <param>
          <type><ref refid="group__PIN__CALLBACKS_1ga80ecde10e25aa90133f29e875d21d61d" kindref="member">PIN_CALLBACK</ref></type>
          <declname>callback</declname>
        </param>
        <param>
          <type>INT32</type>
          <declname>priority</declname>
        </param>
        <briefdescription>
        </briefdescription>
        <detaileddescription>
<para>Deprecated Pin client functions.</para>
<para>Sets the execution priority of a registered callback function The lower the execution priority, the sooner it will be called relative to other similar callbacks <parameterlist kind="param"><parameteritem>
<parameternamelist>
<parametername>callback</parametername>
</parameternamelist>
<parameterdescription>
<para>Registered Callback function returned from *_Add*Function() </para>
</parameterdescription>
</parameteritem>
<parameteritem>
<parameternamelist>
<parametername>priority</parametername>
</parameternamelist>
<parameterdescription>
<para>New priority to assign to the callback</para>
</parameterdescription>
</parameteritem>
</parameterlist>
<simplesect kind="note"><para>The pin client lock is obtained during the call of this API.</para>
</simplesect>
<simplesect kind="par"><title>Availability:</title><para><bold>Mode:</bold> JIT<linebreak/>
<bold>O/S</bold>: Linux, Windows &amp; macOS*<linebreak/>
<bold>CPU:</bold> All<linebreak/>
 </para>
</simplesect>
<simplesect kind="note"><para>DEPRECATED: See CALLBACK_SetExecutionOrder. </para>
</simplesect>
</para>
        </detaileddescription>
        <inbodydescription>
        </inbodydescription>
        <location file="Source/pin/pin/deprecated_client.PH" line="32" column="32" declfile="Source/pin/pin/deprecated_client.PH" declline="32" declcolumn="32"/>
      </memberdef>
      <memberdef kind="function" id="group__DEPRECATED_1gac01d835c4dbd743e36527aa5912c2697" prot="public" static="no" const="no" explicit="no" inline="no" virt="non-virtual">
        <type>PIN_DEPRECATED_API INT32</type>
        <definition>PIN_DEPRECATED_API INT32 CALLBACK_GetExecutionPriority</definition>
        <argsstring>(PIN_CALLBACK callback)</argsstring>
        <name>CALLBACK_GetExecutionPriority</name>
        <param>
          <type><ref refid="group__PIN__CALLBACKS_1ga80ecde10e25aa90133f29e875d21d61d" kindref="member">PIN_CALLBACK</ref></type>
          <declname>callback</declname>
        </param>
        <briefdescription>
        </briefdescription>
        <detaileddescription>
<para>Gets the execution priority of a registered callback function The lower the execution priority, the sooner it will be called relative to other similar callbacks <parameterlist kind="param"><parameteritem>
<parameternamelist>
<parametername>callback</parametername>
</parameternamelist>
<parameterdescription>
<para>Registered Callback function returned from *_Add*Function()</para>
</parameterdescription>
</parameteritem>
</parameterlist>
<simplesect kind="return"><para>INT32 The current priority value of the callback</para>
</simplesect>
<simplesect kind="par"><title>Availability:</title><para><bold>Mode:</bold> JIT<linebreak/>
<bold>O/S</bold>: Linux, Windows &amp; macOS*<linebreak/>
<bold>CPU:</bold> All<linebreak/>
 </para>
</simplesect>
<simplesect kind="note"><para>DEPRECATED: See CALLBACK_GetExecutionOrder. </para>
</simplesect>
</para>
        </detaileddescription>
        <inbodydescription>
        </inbodydescription>
        <location file="Source/pin/pin/deprecated_client.PH" line="51" column="33" declfile="Source/pin/pin/deprecated_client.PH" declline="51" declcolumn="33"/>
      </memberdef>
      </sectiondef>
    <briefdescription>
    </briefdescription>
    <detaileddescription>
    </detaileddescription>
    <programlisting>
<codeline lineno="1"><highlight class="comment">/*</highlight></codeline>
<codeline lineno="2"><highlight class="comment"><sp/>*<sp/>Copyright<sp/>(C)<sp/>2007-2021<sp/>Intel<sp/>Corporation.</highlight></codeline>
<codeline lineno="3"><highlight class="comment"><sp/>*<sp/>SPDX-License-Identifier:<sp/>MIT</highlight></codeline>
<codeline lineno="4"><highlight class="comment"><sp/>*/</highlight><highlight class="normal"></highlight></codeline>
<codeline lineno="5"><highlight class="normal"></highlight></codeline>
<codeline lineno="6"><highlight class="normal"></highlight><highlight class="preprocessor">#ifdef<sp/>PIN_G_DEPRECATED_CLIENT_PH</highlight><highlight class="normal"></highlight></codeline>
<codeline lineno="7"><highlight class="normal"></highlight><highlight class="preprocessor">#error<sp/>duplicate<sp/>inclusion<sp/>of<sp/>deprecated_client</highlight><highlight class="normal"></highlight></codeline>
<codeline lineno="8"><highlight class="normal"></highlight><highlight class="preprocessor">#else</highlight><highlight class="normal"></highlight></codeline>
<codeline lineno="9"><highlight class="normal"></highlight><highlight class="preprocessor">#define<sp/>PIN_G_DEPRECATED_CLIENT_PH</highlight><highlight class="normal"></highlight></codeline>
<codeline lineno="10"><highlight class="normal"></highlight></codeline>
<codeline lineno="14"><highlight class="comment">/*<sp/>CALLBACK_SetExecutionPriority<sp/>is<sp/>now<sp/>deprecated.</highlight></codeline>
<codeline lineno="15"><highlight class="comment"><sp/>*/</highlight></codeline>
<codeline lineno="32"><highlight class="keyword">extern</highlight><highlight class="normal"><sp/>PIN_DEPRECATED_API<sp/>VOID<sp/><ref refid="group__DEPRECATED_1ga7ab8e8cbb95e48a9d602974165d32da6" kindref="member">CALLBACK_SetExecutionPriority</ref>(<ref refid="group__PIN__CALLBACKS_1ga80ecde10e25aa90133f29e875d21d61d" kindref="member">PIN_CALLBACK</ref><sp/>callback,<sp/>INT32<sp/>priority);</highlight></codeline>
<codeline lineno="33"><highlight class="normal"></highlight></codeline>
<codeline lineno="34"><highlight class="normal"></highlight><highlight class="comment">/*<sp/>CALLBACK_GetExecutionPriority<sp/>is<sp/>now<sp/>deprecated.<sp/>Returns<sp/>CALLBACK_GetExecutionOrder(callback)</highlight></codeline>
<codeline lineno="35"><highlight class="comment"><sp/>*/</highlight></codeline>
<codeline lineno="51"><highlight class="keyword">extern</highlight><highlight class="normal"><sp/>PIN_DEPRECATED_API<sp/>INT32<sp/><ref refid="group__DEPRECATED_1gac01d835c4dbd743e36527aa5912c2697" kindref="member">CALLBACK_GetExecutionPriority</ref>(<ref refid="group__PIN__CALLBACKS_1ga80ecde10e25aa90133f29e875d21d61d" kindref="member">PIN_CALLBACK</ref><sp/>callback);</highlight></codeline>
<codeline lineno="52"><highlight class="normal"></highlight></codeline>
<codeline lineno="53"><highlight class="normal"></highlight><highlight class="preprocessor">#endif<sp/>//<sp/>PIN_G_DEPRECATED_CLIENT_PH</highlight></codeline>
    </programlisting>
    <location file="Source/pin/pin/deprecated_client.PH"/>
  </compounddef>
</doxygen>
