<?xml version='1.0' encoding='UTF-8' standalone='no'?>
<doxygen xmlns:xsi="http://www.w3.org/2001/XMLSchema-instance" xsi:noNamespaceSchemaLocation="compound.xsd" version="1.8.17">
  <compounddef id="dir_c80df87aed46070b86a7008778015d1a" kind="dir">
    <compoundname>bionic</compoundname>
    <innerdir refid="dir_6a94ba81a2bc027b3fc630d13d589428">libunwind</innerdir>
    <briefdescription>
    </briefdescription>
    <detaileddescription>
    </detaileddescription>
    <location file="Source/bionic/"/>
  </compounddef>
</doxygen>
