<?xml version='1.0' encoding='UTF-8' standalone='no'?>
<doxygen xmlns:xsi="http://www.w3.org/2001/XMLSchema-instance" xsi:noNamespaceSchemaLocation="compound.xsd" version="1.8.17">
  <compounddef id="dir_bbe9243576ca5a6a1e27fd8b4150f13b" kind="dir">
    <compoundname>pin_l</compoundname>
    <innerfile refid="symbol__linux_8PH">symbol_linux.PH</innerfile>
    <briefdescription>
    </briefdescription>
    <detaileddescription>
    </detaileddescription>
    <location file="Source/pin/pin_l/"/>
  </compounddef>
</doxygen>
