<?xml version='1.0' encoding='UTF-8' standalone='no'?>
<doxygen xmlns:xsi="http://www.w3.org/2001/XMLSchema-instance" xsi:noNamespaceSchemaLocation="compound.xsd" version="1.8.17">
  <compounddef id="group__PHYSICAL__CONTEXT" kind="group">
    <compoundname>PHYSICAL_CONTEXT</compoundname>
    <title>Physical context manipulation API</title>
    <innerclass refid="structPHYSICAL__CONTEXT" prot="public">PHYSICAL_CONTEXT</innerclass>
      <sectiondef kind="typedef">
      <memberdef kind="typedef" id="group__PHYSICAL__CONTEXT_1ga3c6833a027db42b5d528a0c65cefbc07" prot="public" static="no">
        <type>struct <ref refid="structPHYSICAL__CONTEXT" kindref="compound">PHYSICAL_CONTEXT</ref></type>
        <definition>typedef struct PHYSICAL_CONTEXT PHYSICAL_CONTEXT</definition>
        <argsstring></argsstring>
        <name>PHYSICAL_CONTEXT</name>
        <briefdescription>
        </briefdescription>
        <detaileddescription>
<para>Physical state of the processor.<linebreak/>
The tool should not read or modify data members of this structure directly, but must treat the structure as logically opaque and use the <ref refid="group__PHYSICAL__CONTEXT" kindref="compound">Physical context manipulation API</ref> functions to manage it. </para>
        </detaileddescription>
        <inbodydescription>
        </inbodydescription>
        <location file="Source/pin/include/types_vmapi.PH" line="95" column="16" bodyfile="Source/pin/include/types_vmapi.PH" bodystart="123" bodyend="-1"/>
      </memberdef>
      </sectiondef>
      <sectiondef kind="func">
      <memberdef kind="function" id="group__PHYSICAL__CONTEXT_1ga1f2a4f0f1fda834df1d117270ee6b3b9" prot="public" static="no" const="no" explicit="no" inline="no" virt="non-virtual">
        <type>VOID</type>
        <definition>VOID PIN_SetPhysicalContextReg</definition>
        <argsstring>(PHYSICAL_CONTEXT *pPhysCtxt, REG reg, ADDRINT val)</argsstring>
        <name>PIN_SetPhysicalContextReg</name>
        <param>
          <type><ref refid="structPHYSICAL__CONTEXT" kindref="compound">PHYSICAL_CONTEXT</ref> *</type>
          <declname>pPhysCtxt</declname>
        </param>
        <param>
          <type><ref refid="group__REG_1ga8f899d7ad1af070aae505a85cc998fa5" kindref="member">REG</ref></type>
          <declname>reg</declname>
        </param>
        <param>
          <type>ADDRINT</type>
          <declname>val</declname>
        </param>
        <briefdescription>
        </briefdescription>
        <detaileddescription>
<para>Set the given value for the integer register in the specified physical context.</para>
<para><parameterlist kind="param"><parameteritem>
<parameternamelist>
<parametername direction="inout">pPhysCtxt</parametername>
</parameternamelist>
<parameterdescription>
<para>physical context whose register value is to be set </para>
</parameterdescription>
</parameteritem>
<parameteritem>
<parameternamelist>
<parametername direction="in">reg</parametername>
</parameternamelist>
<parameterdescription>
<para>physical register whose value is to be set (up to REG_PHYSICAL_INTEGER_END) </para>
</parameterdescription>
</parameteritem>
<parameteritem>
<parameternamelist>
<parametername direction="in">val</parametername>
</parameternamelist>
<parameterdescription>
<para>new value of the register</para>
</parameterdescription>
</parameteritem>
</parameterlist>
<simplesect kind="par"><title>Availability:</title><para><bold>Mode:</bold> JIT<linebreak/>
<bold>O/S</bold>: Windows<linebreak/>
<bold>CPU:</bold> IA-32 and Intel(R) 64 architectures<linebreak/>
</para>
</simplesect>
</para>
        </detaileddescription>
        <inbodydescription>
        </inbodydescription>
        <location file="Source/pin/pin/pin_client.PH" line="2500" column="13" declfile="Source/pin/pin/pin_client.PH" declline="2500" declcolumn="13"/>
      </memberdef>
      <memberdef kind="function" id="group__PHYSICAL__CONTEXT_1ga3a006fe2cf24804b69d56aca517b74ec" prot="public" static="no" const="no" explicit="no" inline="no" virt="non-virtual">
        <type>ADDRINT</type>
        <definition>ADDRINT PIN_GetPhysicalContextReg</definition>
        <argsstring>(const PHYSICAL_CONTEXT *pPhysCtxt, REG reg)</argsstring>
        <name>PIN_GetPhysicalContextReg</name>
        <param>
          <type>const <ref refid="structPHYSICAL__CONTEXT" kindref="compound">PHYSICAL_CONTEXT</ref> *</type>
          <declname>pPhysCtxt</declname>
        </param>
        <param>
          <type><ref refid="group__REG_1ga8f899d7ad1af070aae505a85cc998fa5" kindref="member">REG</ref></type>
          <declname>reg</declname>
        </param>
        <briefdescription>
        </briefdescription>
        <detaileddescription>
<para>Get the value of the integer register in the specified physical context.</para>
<para><parameterlist kind="param"><parameteritem>
<parameternamelist>
<parametername direction="in">pPhysCtxt</parametername>
</parameternamelist>
<parameterdescription>
<para>physical context whose register value is requested </para>
</parameterdescription>
</parameteritem>
<parameteritem>
<parameternamelist>
<parametername direction="in">reg</parametername>
</parameternamelist>
<parameterdescription>
<para>physical register whose value is requested (up to REG_PHYSICAL_INTEGER_END) </para>
</parameterdescription>
</parameteritem>
</parameterlist>
<simplesect kind="return"><para>value of the register in the specified context</para>
</simplesect>
<simplesect kind="par"><title>Availability:</title><para><bold>Mode:</bold> JIT<linebreak/>
<bold>O/S</bold>: Windows<linebreak/>
<bold>CPU:</bold> IA-32 and Intel(R) 64 architectures<linebreak/>
</para>
</simplesect>
</para>
        </detaileddescription>
        <inbodydescription>
        </inbodydescription>
        <location file="Source/pin/pin/pin_client.PH" line="2514" column="16" declfile="Source/pin/pin/pin_client.PH" declline="2514" declcolumn="16"/>
      </memberdef>
      <memberdef kind="function" id="group__PHYSICAL__CONTEXT_1ga9aa8122d887712974421753744f362b6" prot="public" static="no" const="no" explicit="no" inline="no" virt="non-virtual">
        <type>VOID</type>
        <definition>VOID PIN_SetPhysicalContextFPState</definition>
        <argsstring>(PHYSICAL_CONTEXT *pPhysCtxt, const VOID *fpstate)</argsstring>
        <name>PIN_SetPhysicalContextFPState</name>
        <param>
          <type><ref refid="structPHYSICAL__CONTEXT" kindref="compound">PHYSICAL_CONTEXT</ref> *</type>
          <declname>pPhysCtxt</declname>
        </param>
        <param>
          <type>const VOID *</type>
          <declname>fpstate</declname>
        </param>
        <briefdescription>
        </briefdescription>
        <detaileddescription>
<para>Set the given floating point state in the specified physical context.</para>
<para><parameterlist kind="param"><parameteritem>
<parameternamelist>
<parametername direction="inout">pPhysCtxt</parametername>
</parameternamelist>
<parameterdescription>
<para>physical context whose floating point state is to be set </para>
</parameterdescription>
</parameteritem>
<parameteritem>
<parameternamelist>
<parametername direction="in">fpstate</parametername>
</parameternamelist>
<parameterdescription>
<para>new floating point state of the context. It must have fxsave format in IA-32 and Intel(R) 64 architectures. </para>
</parameterdescription>
</parameteritem>
</parameterlist>
<simplesect kind="par"><title>Availability:</title><para><bold>Mode:</bold> JIT<linebreak/>
<bold>O/S</bold>: Windows<linebreak/>
<bold>CPU:</bold> IA-32 and Intel(R) 64 architectures<linebreak/>
</para>
</simplesect>
</para>
        </detaileddescription>
        <inbodydescription>
        </inbodydescription>
        <location file="Source/pin/pin/pin_client.PH" line="2528" column="13" declfile="Source/pin/pin/pin_client.PH" declline="2528" declcolumn="13"/>
      </memberdef>
      <memberdef kind="function" id="group__PHYSICAL__CONTEXT_1ga0150c6455fbab3a54a27dd00e6a39d33" prot="public" static="no" const="no" explicit="no" inline="no" virt="non-virtual">
        <type>VOID</type>
        <definition>VOID PIN_GetPhysicalContextFPState</definition>
        <argsstring>(const PHYSICAL_CONTEXT *pPhysCtxt, VOID *fpstate)</argsstring>
        <name>PIN_GetPhysicalContextFPState</name>
        <param>
          <type>const <ref refid="structPHYSICAL__CONTEXT" kindref="compound">PHYSICAL_CONTEXT</ref> *</type>
          <declname>pPhysCtxt</declname>
        </param>
        <param>
          <type>VOID *</type>
          <declname>fpstate</declname>
        </param>
        <briefdescription>
        </briefdescription>
        <detaileddescription>
<para>Get the floating point state of the specified physical context.</para>
<para><parameterlist kind="param"><parameteritem>
<parameternamelist>
<parametername direction="in">pPhysCtxt</parametername>
</parameternamelist>
<parameterdescription>
<para>physical context whose floating point state is retrieved </para>
</parameterdescription>
</parameteritem>
<parameteritem>
<parameternamelist>
<parametername direction="in">fpstate</parametername>
</parameternamelist>
<parameterdescription>
<para>pointer to the buffer that receives floating point state of the context. The size of the buffer must be at least FPSTATE_SIZE bytes. The returned state has fxsave format in IA-32 and Intel(R) 64 architectures.</para>
</parameterdescription>
</parameteritem>
</parameterlist>
<simplesect kind="par"><title>Availability:</title><para><bold>Mode:</bold> JIT<linebreak/>
<bold>O/S</bold>: Windows<linebreak/>
<bold>CPU:</bold> IA-32 and Intel(R) 64 architectures<linebreak/>
</para>
</simplesect>
</para>
        </detaileddescription>
        <inbodydescription>
        </inbodydescription>
        <location file="Source/pin/pin/pin_client.PH" line="2545" column="13" declfile="Source/pin/pin/pin_client.PH" declline="2545" declcolumn="13"/>
      </memberdef>
      </sectiondef>
    <briefdescription>
    </briefdescription>
    <detaileddescription>
<para>This API allows the user to read and modify the Pin/tool architectural register state of the processor. The registers physical context range (enumerated in REG) is up to REG_PHYSICAL_CONTEXT_END registers and floating point state.</para>
<para>The tool receives physical context in the <ref refid="group__PIN__CONTROL_1ga48e4c80589225d40efe177a9d399225c" kindref="member">INTERNAL_EXCEPTION_CALLBACK</ref>. At this time, the tool can read and modify individual physical register values and modify floating point state using the <ref refid="group__PHYSICAL__CONTEXT_1ga3a006fe2cf24804b69d56aca517b74ec" kindref="member">PIN_GetPhysicalContextReg()</ref>, <ref refid="group__PHYSICAL__CONTEXT_1ga1f2a4f0f1fda834df1d117270ee6b3b9" kindref="member">PIN_SetPhysicalContextReg()</ref>, <ref refid="group__PHYSICAL__CONTEXT_1ga9aa8122d887712974421753744f362b6" kindref="member">PIN_SetPhysicalContextFPState()</ref>, <ref refid="group__PHYSICAL__CONTEXT_1ga0150c6455fbab3a54a27dd00e6a39d33" kindref="member">PIN_GetPhysicalContextFPState()</ref>. </para>
    </detaileddescription>
  </compounddef>
</doxygen>
