<?xml version='1.0' encoding='UTF-8' standalone='no'?>
<doxygen xmlns:xsi="http://www.w3.org/2001/XMLSchema-instance" xsi:noNamespaceSchemaLocation="compound.xsd" version="1.8.17">
  <compounddef id="group__INS__REF" kind="group">
    <compoundname>INS_REF</compoundname>
    <title>INS: Instruction Object</title>
    <innergroup refid="group__INS__INSTRUMENTATION">Instrumentation API</innergroup>
    <innergroup refid="group__INS__INSPECTION">Inspection API for IA-32 and Intel(R) 64 instructions</innergroup>
    <innergroup refid="group__INS__MODIFICATION">Generic modification API</innergroup>
    <briefdescription>
    </briefdescription>
    <detaileddescription>
<para>An INS represents an instruction. Can only be accessed at instrumentation time.</para>
<para>Iteration idioms:</para>
<para><programlisting><codeline><highlight class="normal">//<sp/>Forward<sp/>pass<sp/>over<sp/>all<sp/>instructions<sp/>in<sp/>bbl</highlight></codeline>
<codeline><highlight class="normal">for(<sp/>INS<sp/>ins=<sp/>BBL_InsHead(bbl);<sp/>INS_Valid(ins);<sp/>ins<sp/>=<sp/>INS_Next(ins)<sp/>)</highlight></codeline>
<codeline></codeline>
<codeline><highlight class="normal">//<sp/>Forward<sp/>pass<sp/>over<sp/>all<sp/>instructions<sp/>in<sp/>routine</highlight></codeline>
<codeline><highlight class="normal">for(<sp/>INS<sp/>ins=<sp/>RTN_InsHead(rtn);<sp/>INS_Valid(ins);<sp/>ins<sp/>=<sp/>INS_Next(ins)<sp/>)</highlight></codeline>
</programlisting> </para>
    </detaileddescription>
  </compounddef>
</doxygen>
