<?xml version='1.0' encoding='UTF-8' standalone='no'?>
<doxygen xmlns:xsi="http://www.w3.org/2001/XMLSchema-instance" xsi:noNamespaceSchemaLocation="compound.xsd" version="1.8.17">
  <compounddef id="img_8PH" kind="file" language="C++">
    <compoundname>img.PH</compoundname>
      <sectiondef kind="define">
      <memberdef kind="define" id="img_8PH_1a3957cd80183320effd948d5e5714a5f3" prot="public" static="no">
        <name>PIN_G_IMG_PH</name>
        <briefdescription>
        </briefdescription>
        <detaileddescription>
        </detaileddescription>
        <inbodydescription>
        </inbodydescription>
        <location file="Source/pin/core/img.PH" line="9" column="10" bodyfile="Source/pin/core/img.PH" bodystart="9" bodyend="-1"/>
      </memberdef>
      </sectiondef>
      <sectiondef kind="enum">
      <memberdef kind="enum" id="group__IMG_1ga94a20481f21c96ad7ad5147b5148ecb0" prot="public" static="no" strong="no">
        <type></type>
        <name>IMG_TYPE</name>
        <enumvalue id="group__IMG_1gga94a20481f21c96ad7ad5147b5148ecb0a52b86071c3bd06ad5cc7e80e54ca2d6d" prot="public">
          <name>IMG_TYPE_INVALID</name>
          <briefdescription>
          </briefdescription>
          <detaileddescription>
          </detaileddescription>
        </enumvalue>
        <enumvalue id="group__IMG_1gga94a20481f21c96ad7ad5147b5148ecb0ad7ea6bb76b9027bf3f8a8d99adcbf45e" prot="public">
          <name>IMG_TYPE_STATIC</name>
          <briefdescription>
<para>Main image, linked with -static. </para>
          </briefdescription>
          <detaileddescription>
          </detaileddescription>
        </enumvalue>
        <enumvalue id="group__IMG_1gga94a20481f21c96ad7ad5147b5148ecb0ac7dfdb22b5113a095fec98fc5483082e" prot="public">
          <name>IMG_TYPE_SHARED</name>
          <briefdescription>
<para>Main image, linked against shared libraries. </para>
          </briefdescription>
          <detaileddescription>
          </detaileddescription>
        </enumvalue>
        <enumvalue id="group__IMG_1gga94a20481f21c96ad7ad5147b5148ecb0a0b07c853ba687a921ec7b32cc014aed4" prot="public">
          <name>IMG_TYPE_SHAREDLIB</name>
          <briefdescription>
<para>Shared library or main image linked with -pie. </para>
          </briefdescription>
          <detaileddescription>
          </detaileddescription>
        </enumvalue>
        <enumvalue id="group__IMG_1gga94a20481f21c96ad7ad5147b5148ecb0af0b26bb2a24a7def210320ec1b22225e" prot="public">
          <name>IMG_TYPE_RELOCATABLE</name>
          <briefdescription>
<para>Relocatble object (.o file) </para>
          </briefdescription>
          <detaileddescription>
          </detaileddescription>
        </enumvalue>
        <enumvalue id="group__IMG_1gga94a20481f21c96ad7ad5147b5148ecb0a297b15b21cd9774445e56fa84831191c" prot="public">
          <name>IMG_TYPE_DYNAMIC_CODE</name>
          <briefdescription>
<para>Dynamically created code. </para>
          </briefdescription>
          <detaileddescription>
          </detaileddescription>
        </enumvalue>
        <enumvalue id="group__IMG_1gga94a20481f21c96ad7ad5147b5148ecb0a9a261f2bd6736dac0e117509c5cc7c23" prot="public">
          <name>IMG_TYPE_API_CREATED</name>
          <briefdescription>
<para>Artificial image created by <ref refid="group__REPLAY_1gadd939297fe51b34aedcbcb8b627a89f2" kindref="member">IMG_CreateAt</ref> () </para>
          </briefdescription>
          <detaileddescription>
          </detaileddescription>
        </enumvalue>
        <enumvalue id="group__IMG_1gga94a20481f21c96ad7ad5147b5148ecb0a54889a25c68f30fd4b23a7c1422d3e2b" prot="public">
          <name>IMG_TYPE_LAST</name>
          <briefdescription>
          </briefdescription>
          <detaileddescription>
          </detaileddescription>
        </enumvalue>
        <briefdescription>
        </briefdescription>
        <detaileddescription>
<para>This file contains IMG primitives </para>
        </detaileddescription>
        <inbodydescription>
        </inbodydescription>
        <location file="Source/pin/core/img.PH" line="16" column="1" bodyfile="Source/pin/core/img.PH" bodystart="15" bodyend="25"/>
      </memberdef>
      <memberdef kind="enum" id="group__IMG_1ga38ea70f6ce2ffef5488aefbcc5494bce" prot="public" static="no" strong="no">
        <type></type>
        <name>IMG_PROPERTY</name>
        <enumvalue id="group__IMG_1gga38ea70f6ce2ffef5488aefbcc5494bcea71e1e7459b9ca7057386d82283f6ed37" prot="public">
          <name>IMG_PROPERTY_INVALID</name>
          <briefdescription>
          </briefdescription>
          <detaileddescription>
          </detaileddescription>
        </enumvalue>
        <enumvalue id="group__IMG_1gga38ea70f6ce2ffef5488aefbcc5494bceaa22c98dad57958fdc204f8c967d2a2e6" prot="public">
          <name>IMG_PROPERTY_SHSTK_ENABLED</name>
          <briefdescription>
          </briefdescription>
          <detaileddescription>
<para>CET shadow stack enabled. Supported only for Linux </para>
          </detaileddescription>
        </enumvalue>
        <enumvalue id="group__IMG_1gga38ea70f6ce2ffef5488aefbcc5494bceab9c7023a95eb0a6b486c996ca06b46f8" prot="public">
          <name>IMG_PROPERTY_IBT_ENABLED</name>
          <briefdescription>
          </briefdescription>
          <detaileddescription>
<para>CET indirect branch tracking enabled. Supported only for Linux </para>
          </detaileddescription>
        </enumvalue>
        <enumvalue id="group__IMG_1gga38ea70f6ce2ffef5488aefbcc5494bcea9453603be8628a04b2705ae232079aa4" prot="public">
          <name>IMG_PROPERTY_LAST</name>
          <briefdescription>
          </briefdescription>
          <detaileddescription>
          </detaileddescription>
        </enumvalue>
        <briefdescription>
        </briefdescription>
        <detaileddescription>
<para>Properties available for an image. Typically defined as meta data within the image. May define some specific hardware that is used or needed or some features enabled by the image. Property may be OS/CPU specific. </para>
        </detaileddescription>
        <inbodydescription>
        </inbodydescription>
        <location file="Source/pin/core/img.PH" line="33" column="1" bodyfile="Source/pin/core/img.PH" bodystart="32" bodyend="42"/>
      </memberdef>
      </sectiondef>
    <briefdescription>
    </briefdescription>
    <detaileddescription>
    </detaileddescription>
    <programlisting>
<codeline lineno="1"><highlight class="comment">/*</highlight></codeline>
<codeline lineno="2"><highlight class="comment"><sp/>*<sp/>Copyright<sp/>(C)<sp/>2020-2021<sp/>Intel<sp/>Corporation.</highlight></codeline>
<codeline lineno="3"><highlight class="comment"><sp/>*<sp/>SPDX-License-Identifier:<sp/>MIT</highlight></codeline>
<codeline lineno="4"><highlight class="comment"><sp/>*/</highlight><highlight class="normal"></highlight></codeline>
<codeline lineno="5"><highlight class="normal"></highlight></codeline>
<codeline lineno="6"><highlight class="normal"></highlight><highlight class="preprocessor">#ifdef<sp/>PIN_G_IMG_PH</highlight><highlight class="normal"></highlight></codeline>
<codeline lineno="7"><highlight class="normal"></highlight><highlight class="preprocessor">#error<sp/>duplicate<sp/>inclusion<sp/>of<sp/>img</highlight><highlight class="normal"></highlight></codeline>
<codeline lineno="8"><highlight class="normal"></highlight><highlight class="preprocessor">#else</highlight><highlight class="normal"></highlight></codeline>
<codeline lineno="9"><highlight class="normal"></highlight><highlight class="preprocessor">#define<sp/>PIN_G_IMG_PH</highlight><highlight class="normal"></highlight></codeline>
<codeline lineno="10"><highlight class="normal"></highlight></codeline>
<codeline lineno="15"><highlight class="keyword">typedef</highlight><highlight class="normal"><sp/></highlight><highlight class="keyword">enum</highlight><highlight class="normal"></highlight></codeline>
<codeline lineno="16"><highlight class="normal">{</highlight></codeline>
<codeline lineno="17"><highlight class="normal"><sp/><sp/><sp/><sp/>IMG_TYPE_INVALID,</highlight></codeline>
<codeline lineno="18"><highlight class="normal"><sp/><sp/><sp/><sp/><ref refid="group__IMG_1gga94a20481f21c96ad7ad5147b5148ecb0ad7ea6bb76b9027bf3f8a8d99adcbf45e" kindref="member">IMG_TYPE_STATIC</ref>,<sp/><sp/><sp/><sp/><sp/><sp/><sp/></highlight></codeline>
<codeline lineno="19"><highlight class="normal"><sp/><sp/><sp/><sp/><ref refid="group__IMG_1gga94a20481f21c96ad7ad5147b5148ecb0ac7dfdb22b5113a095fec98fc5483082e" kindref="member">IMG_TYPE_SHARED</ref>,<sp/><sp/><sp/><sp/><sp/><sp/><sp/></highlight></codeline>
<codeline lineno="20"><highlight class="normal"><sp/><sp/><sp/><sp/><ref refid="group__IMG_1gga94a20481f21c96ad7ad5147b5148ecb0a0b07c853ba687a921ec7b32cc014aed4" kindref="member">IMG_TYPE_SHAREDLIB</ref>,<sp/><sp/><sp/><sp/></highlight></codeline>
<codeline lineno="21"><highlight class="normal"><sp/><sp/><sp/><sp/><ref refid="group__IMG_1gga94a20481f21c96ad7ad5147b5148ecb0af0b26bb2a24a7def210320ec1b22225e" kindref="member">IMG_TYPE_RELOCATABLE</ref>,<sp/><sp/></highlight></codeline>
<codeline lineno="22"><highlight class="normal"><sp/><sp/><sp/><sp/><ref refid="group__IMG_1gga94a20481f21c96ad7ad5147b5148ecb0a297b15b21cd9774445e56fa84831191c" kindref="member">IMG_TYPE_DYNAMIC_CODE</ref>,<sp/></highlight></codeline>
<codeline lineno="23"><highlight class="normal"><sp/><sp/><sp/><sp/><ref refid="group__IMG_1gga94a20481f21c96ad7ad5147b5148ecb0a9a261f2bd6736dac0e117509c5cc7c23" kindref="member">IMG_TYPE_API_CREATED</ref>,<sp/><sp/></highlight></codeline>
<codeline lineno="24"><highlight class="normal"><sp/><sp/><sp/><sp/>IMG_TYPE_LAST</highlight></codeline>
<codeline lineno="25"><highlight class="normal">}<sp/><ref refid="group__IMG_1ga94a20481f21c96ad7ad5147b5148ecb0" kindref="member">IMG_TYPE</ref>;</highlight></codeline>
<codeline lineno="26"><highlight class="normal"></highlight></codeline>
<codeline lineno="32"><highlight class="keyword">typedef</highlight><highlight class="normal"><sp/></highlight><highlight class="keyword">enum</highlight><highlight class="normal"></highlight></codeline>
<codeline lineno="33"><highlight class="normal">{</highlight></codeline>
<codeline lineno="34"><highlight class="normal"><sp/><sp/><sp/><sp/>IMG_PROPERTY_INVALID,</highlight></codeline>
<codeline lineno="37"><highlight class="normal"><sp/><sp/><sp/><sp/><ref refid="group__IMG_1gga38ea70f6ce2ffef5488aefbcc5494bceaa22c98dad57958fdc204f8c967d2a2e6" kindref="member">IMG_PROPERTY_SHSTK_ENABLED</ref>,</highlight></codeline>
<codeline lineno="40"><highlight class="normal"><sp/><sp/><sp/><sp/><ref refid="group__IMG_1gga38ea70f6ce2ffef5488aefbcc5494bceab9c7023a95eb0a6b486c996ca06b46f8" kindref="member">IMG_PROPERTY_IBT_ENABLED</ref>,</highlight></codeline>
<codeline lineno="41"><highlight class="normal"><sp/><sp/><sp/><sp/>IMG_PROPERTY_LAST</highlight></codeline>
<codeline lineno="42"><highlight class="normal">}<sp/><ref refid="group__IMG_1ga38ea70f6ce2ffef5488aefbcc5494bce" kindref="member">IMG_PROPERTY</ref>;</highlight></codeline>
<codeline lineno="43"><highlight class="normal"></highlight></codeline>
<codeline lineno="44"><highlight class="normal"></highlight><highlight class="preprocessor">#endif<sp/>//<sp/>PIN_G_IMG_PH</highlight></codeline>
    </programlisting>
    <location file="Source/pin/core/img.PH"/>
  </compounddef>
</doxygen>
