<?xml version='1.0' encoding='UTF-8' standalone='no'?>
<doxygen xmlns:xsi="http://www.w3.org/2001/XMLSchema-instance" xsi:noNamespaceSchemaLocation="compound.xsd" version="1.8.17">
  <compounddef id="pin__version_8h" kind="file" language="C++">
    <compoundname>pin_version.h</compoundname>
      <sectiondef kind="define">
      <memberdef kind="define" id="group__VERSION_1gabaed5bda1a4bd5a18e0d8e5d1a6859fb" prot="public" static="no">
        <name>PIN_PRODUCT_VERSION_MAJOR</name>
        <initializer>3</initializer>
        <briefdescription>
        </briefdescription>
        <detaileddescription>
<para>The Pin major version number. </para>
        </detaileddescription>
        <inbodydescription>
        </inbodydescription>
        <location file="Source/pin/include/pin_version.h" line="17" column="9" bodyfile="Source/pin/include/pin_version.h" bodystart="17" bodyend="-1"/>
      </memberdef>
      <memberdef kind="define" id="group__VERSION_1ga414bdb82b541ba74c8842da87ea45378" prot="public" static="no">
        <name>PIN_PRODUCT_VERSION_MINOR</name>
        <initializer>25</initializer>
        <briefdescription>
        </briefdescription>
        <detaileddescription>
<para>The Pin minor version number. </para>
        </detaileddescription>
        <inbodydescription>
        </inbodydescription>
        <location file="Source/pin/include/pin_version.h" line="22" column="9" bodyfile="Source/pin/include/pin_version.h" bodystart="22" bodyend="-1"/>
      </memberdef>
      <memberdef kind="define" id="group__VERSION_1ga87f2f6a5045fb277848a98dba6496ef7" prot="public" static="no">
        <name>PIN_BUILD_NUMBER</name>
        <initializer>98650</initializer>
        <briefdescription>
        </briefdescription>
        <detaileddescription>
<para>The Pin kit build number. This is unique for every Pin kit. </para>
        </detaileddescription>
        <inbodydescription>
        </inbodydescription>
        <location file="Source/pin/include/pin_version.h" line="27" column="9" bodyfile="Source/pin/include/pin_version.h" bodystart="27" bodyend="-1"/>
      </memberdef>
      <memberdef kind="define" id="group__VERSION_1gad374a8e20ef4a72c7f358bfad00283e5" prot="public" static="no">
        <name>PIN_COMMIT_HASH</name>
        <initializer>&quot;8f6168173&quot;</initializer>
        <briefdescription>
        </briefdescription>
        <detaileddescription>
<para>The git hash for this Pin build. This is unique for every Pin kit. </para>
        </detaileddescription>
        <inbodydescription>
        </inbodydescription>
        <location file="Source/pin/include/pin_version.h" line="32" column="9" bodyfile="Source/pin/include/pin_version.h" bodystart="32" bodyend="-1"/>
      </memberdef>
      </sectiondef>
    <briefdescription>
    </briefdescription>
    <detaileddescription>
    </detaileddescription>
    <programlisting>
<codeline lineno="1"><highlight class="normal"></highlight></codeline>
<codeline lineno="2"><highlight class="normal"></highlight><highlight class="comment">/*************************************************************</highlight></codeline>
<codeline lineno="3"><highlight class="comment"><sp/>*</highlight></codeline>
<codeline lineno="4"><highlight class="comment"><sp/>*<sp/><sp/><sp/><sp/><sp/><sp/><sp/><sp/><sp/><sp/><sp/><sp/><sp/><sp/><sp/><sp/><sp/><sp/>DO<sp/>NOT<sp/>EDIT<sp/>THIS<sp/>FILE!</highlight></codeline>
<codeline lineno="5"><highlight class="comment"><sp/>*</highlight></codeline>
<codeline lineno="6"><highlight class="comment"><sp/>*<sp/>THIS<sp/>FILE<sp/>IS<sp/>AUTOGENERATED<sp/>BY<sp/>THE<sp/>PIN<sp/>BUILD<sp/>SYSTEM</highlight></codeline>
<codeline lineno="7"><highlight class="comment"><sp/>*</highlight></codeline>
<codeline lineno="8"><highlight class="comment"><sp/>*************************************************************/</highlight><highlight class="normal"></highlight></codeline>
<codeline lineno="9"><highlight class="normal"></highlight></codeline>
<codeline lineno="10"><highlight class="normal"></highlight><highlight class="preprocessor">#ifndef<sp/>PIN_VERSION_H</highlight><highlight class="normal"></highlight></codeline>
<codeline lineno="11"><highlight class="normal"></highlight><highlight class="preprocessor">#define<sp/>PIN_VERSION_H</highlight><highlight class="normal"></highlight></codeline>
<codeline lineno="12"><highlight class="normal"></highlight></codeline>
<codeline lineno="13"><highlight class="normal"></highlight></codeline>
<codeline lineno="17"><highlight class="preprocessor">#define<sp/>PIN_PRODUCT_VERSION_MAJOR<sp/>3</highlight><highlight class="normal"></highlight></codeline>
<codeline lineno="18"><highlight class="normal"></highlight></codeline>
<codeline lineno="22"><highlight class="preprocessor">#define<sp/>PIN_PRODUCT_VERSION_MINOR<sp/>25</highlight><highlight class="normal"></highlight></codeline>
<codeline lineno="23"><highlight class="normal"></highlight></codeline>
<codeline lineno="27"><highlight class="preprocessor">#define<sp/>PIN_BUILD_NUMBER<sp/>98650</highlight><highlight class="normal"></highlight></codeline>
<codeline lineno="28"><highlight class="normal"></highlight></codeline>
<codeline lineno="32"><highlight class="preprocessor">#define<sp/>PIN_COMMIT_HASH<sp/>&quot;8f6168173&quot;</highlight><highlight class="normal"></highlight></codeline>
<codeline lineno="33"><highlight class="normal"></highlight></codeline>
<codeline lineno="34"><highlight class="normal"></highlight><highlight class="preprocessor">#endif<sp/>//<sp/>PIN_VERSION_H</highlight></codeline>
    </programlisting>
    <location file="Source/pin/include/pin_version.h"/>
  </compounddef>
</doxygen>
