<?xml version='1.0' encoding='UTF-8' standalone='no'?>
<doxygen xmlns:xsi="http://www.w3.org/2001/XMLSchema-instance" xsi:noNamespaceSchemaLocation="compound.xsd" version="1.8.17">
  <compounddef id="regset_8PH" kind="file" language="C++">
    <compoundname>regset.PH</compoundname>
    <innerclass refid="classREGISTER__SET" prot="public">REGISTER_SET</innerclass>
      <sectiondef kind="define">
      <memberdef kind="define" id="regset_8PH_1ac4acd03ee915eb044cb704b7486c706b" prot="public" static="no">
        <name>PIN_G_REGSET_PH</name>
        <briefdescription>
        </briefdescription>
        <detaileddescription>
        </detaileddescription>
        <inbodydescription>
        </inbodydescription>
        <location file="Source/pin/core/regset.PH" line="9" column="10" bodyfile="Source/pin/core/regset.PH" bodystart="9" bodyend="-1"/>
      </memberdef>
      </sectiondef>
    <briefdescription>
    </briefdescription>
    <detaileddescription>
    </detaileddescription>
    <programlisting>
<codeline lineno="1"><highlight class="comment">/*</highlight></codeline>
<codeline lineno="2"><highlight class="comment"><sp/>*<sp/>Copyright<sp/>(C)<sp/>2003-2021<sp/>Intel<sp/>Corporation.</highlight></codeline>
<codeline lineno="3"><highlight class="comment"><sp/>*<sp/>SPDX-License-Identifier:<sp/>MIT</highlight></codeline>
<codeline lineno="4"><highlight class="comment"><sp/>*/</highlight><highlight class="normal"></highlight></codeline>
<codeline lineno="5"><highlight class="normal"></highlight></codeline>
<codeline lineno="6"><highlight class="normal"></highlight><highlight class="preprocessor">#ifdef<sp/>PIN_G_REGSET_PH</highlight><highlight class="normal"></highlight></codeline>
<codeline lineno="7"><highlight class="normal"></highlight><highlight class="preprocessor">#error<sp/>duplicate<sp/>inclusion<sp/>of<sp/>regset</highlight><highlight class="normal"></highlight></codeline>
<codeline lineno="8"><highlight class="normal"></highlight><highlight class="preprocessor">#else</highlight><highlight class="normal"></highlight></codeline>
<codeline lineno="9"><highlight class="normal"></highlight><highlight class="preprocessor">#define<sp/>PIN_G_REGSET_PH</highlight><highlight class="normal"></highlight></codeline>
<codeline lineno="10"><highlight class="normal"></highlight></codeline>
<codeline lineno="16" refid="classREGISTER__SET" refkind="compound"><highlight class="keyword">template</highlight><highlight class="normal">&lt;<sp/>UINT32<sp/>_min,<sp/>UINT32<sp/>_max<sp/>&gt;<sp/></highlight><highlight class="keyword">class<sp/></highlight><highlight class="normal"><ref refid="classREGISTER__SET" kindref="compound">REGISTER_SET</ref></highlight></codeline>
<codeline lineno="17"><highlight class="normal">{</highlight></codeline>
<codeline lineno="18"><highlight class="normal"><sp/><sp/></highlight><highlight class="keyword">private</highlight><highlight class="normal">:</highlight></codeline>
<codeline lineno="19"><highlight class="normal"><sp/><sp/><sp/><sp/></highlight><highlight class="keyword">static</highlight><highlight class="normal"><sp/></highlight><highlight class="keyword">const</highlight><highlight class="normal"><sp/>UINT32<sp/>_SET_SIZE<sp/><sp/>=<sp/></highlight><highlight class="keyword">sizeof</highlight><highlight class="normal">(ADDRINT)<sp/>*<sp/>8;<sp/></highlight><highlight class="comment">//<sp/>#<sp/>of<sp/>bits<sp/>in<sp/>each<sp/>_set<sp/>element</highlight><highlight class="normal"></highlight></codeline>
<codeline lineno="20"><highlight class="normal"><sp/><sp/><sp/><sp/></highlight><highlight class="keyword">static</highlight><highlight class="normal"><sp/></highlight><highlight class="keyword">const</highlight><highlight class="normal"><sp/>UINT32<sp/>_NUM_SETS<sp/><sp/>=<sp/>((_max<sp/>-<sp/>_min)<sp/>/<sp/>_SET_SIZE)<sp/>+<sp/>1;</highlight></codeline>
<codeline lineno="21"><highlight class="normal"><sp/><sp/><sp/><sp/></highlight><highlight class="keyword">static</highlight><highlight class="normal"><sp/></highlight><highlight class="keyword">const</highlight><highlight class="normal"><sp/>ADDRINT<sp/>_ONE<sp/><sp/><sp/><sp/><sp/><sp/>=<sp/>ADDRINT(1);</highlight></codeline>
<codeline lineno="22"><highlight class="normal"><sp/><sp/><sp/><sp/></highlight><highlight class="keyword">static</highlight><highlight class="normal"><sp/></highlight><highlight class="keyword">const</highlight><highlight class="normal"><sp/>ADDRINT<sp/>_ALL_ONES<sp/>=<sp/>~ADDRINT(0);</highlight></codeline>
<codeline lineno="23"><highlight class="normal"></highlight></codeline>
<codeline lineno="24"><highlight class="normal"><sp/><sp/><sp/><sp/>ADDRINT<sp/>_set[_NUM_SETS];</highlight></codeline>
<codeline lineno="25"><highlight class="normal"></highlight></codeline>
<codeline lineno="26"><highlight class="normal"><sp/><sp/></highlight><highlight class="keyword">public</highlight><highlight class="normal">:</highlight></codeline>
<codeline lineno="27"><highlight class="normal"><sp/><sp/><sp/><sp/><ref refid="classREGISTER__SET" kindref="compound">REGISTER_SET</ref>()</highlight></codeline>
<codeline lineno="28"><highlight class="normal"><sp/><sp/><sp/><sp/>{</highlight></codeline>
<codeline lineno="29"><highlight class="normal"><sp/><sp/><sp/><sp/><sp/><sp/><sp/><sp/></highlight><highlight class="keywordflow">for</highlight><highlight class="normal"><sp/>(UINT32<sp/>k<sp/>=<sp/>0;<sp/>k<sp/>&lt;<sp/>_NUM_SETS;<sp/>k++)</highlight></codeline>
<codeline lineno="30"><highlight class="normal"><sp/><sp/><sp/><sp/><sp/><sp/><sp/><sp/>{</highlight></codeline>
<codeline lineno="31"><highlight class="normal"><sp/><sp/><sp/><sp/><sp/><sp/><sp/><sp/><sp/><sp/><sp/><sp/>_set[k]<sp/>=<sp/>0;</highlight></codeline>
<codeline lineno="32"><highlight class="normal"><sp/><sp/><sp/><sp/><sp/><sp/><sp/><sp/>}</highlight></codeline>
<codeline lineno="33"><highlight class="normal"><sp/><sp/><sp/><sp/>}</highlight></codeline>
<codeline lineno="34"><highlight class="normal"></highlight></codeline>
<codeline lineno="35"><highlight class="normal"><sp/><sp/><sp/><sp/><ref refid="classREGISTER__SET" kindref="compound">REGISTER_SET</ref>(UINT32<sp/>first,<sp/>UINT32<sp/>last)</highlight></codeline>
<codeline lineno="36"><highlight class="normal"><sp/><sp/><sp/><sp/>{</highlight></codeline>
<codeline lineno="37"><highlight class="normal"><sp/><sp/><sp/><sp/><sp/><sp/><sp/><sp/></highlight><highlight class="keywordflow">for</highlight><highlight class="normal"><sp/>(UINT32<sp/>k<sp/>=<sp/>0;<sp/>k<sp/>&lt;<sp/>_NUM_SETS;<sp/>k++)</highlight></codeline>
<codeline lineno="38"><highlight class="normal"><sp/><sp/><sp/><sp/><sp/><sp/><sp/><sp/>{</highlight></codeline>
<codeline lineno="39"><highlight class="normal"><sp/><sp/><sp/><sp/><sp/><sp/><sp/><sp/><sp/><sp/><sp/><sp/>_set[k]<sp/>=<sp/>0;</highlight></codeline>
<codeline lineno="40"><highlight class="normal"><sp/><sp/><sp/><sp/><sp/><sp/><sp/><sp/>}</highlight></codeline>
<codeline lineno="41"><highlight class="normal"><sp/><sp/><sp/><sp/><sp/><sp/><sp/><sp/></highlight><highlight class="keywordflow">for</highlight><highlight class="normal"><sp/>(UINT32<sp/>r<sp/>=<sp/>first;<sp/>r<sp/>&lt;=<sp/>last;<sp/>r++)</highlight></codeline>
<codeline lineno="42"><highlight class="normal"><sp/><sp/><sp/><sp/><sp/><sp/><sp/><sp/>{</highlight></codeline>
<codeline lineno="43"><highlight class="normal"><sp/><sp/><sp/><sp/><sp/><sp/><sp/><sp/><sp/><sp/><sp/><sp/>Insert(<ref refid="group__REG_1ga8f899d7ad1af070aae505a85cc998fa5" kindref="member">REG</ref>(r));</highlight></codeline>
<codeline lineno="44"><highlight class="normal"><sp/><sp/><sp/><sp/><sp/><sp/><sp/><sp/>}</highlight></codeline>
<codeline lineno="45"><highlight class="normal"><sp/><sp/><sp/><sp/>}</highlight></codeline>
<codeline lineno="46"><highlight class="normal"></highlight></codeline>
<codeline lineno="47"><highlight class="normal"><sp/><sp/><sp/><sp/><ref refid="group__REG_1ga8f899d7ad1af070aae505a85cc998fa5" kindref="member">REG</ref><sp/>Min()</highlight><highlight class="keyword"><sp/>const<sp/></highlight><highlight class="normal">{<sp/></highlight><highlight class="keywordflow">return</highlight><highlight class="normal"><sp/><ref refid="group__REG_1ga8f899d7ad1af070aae505a85cc998fa5" kindref="member">REG</ref>(_min);<sp/>}</highlight></codeline>
<codeline lineno="48"><highlight class="normal"><sp/><sp/><sp/><sp/><ref refid="group__REG_1ga8f899d7ad1af070aae505a85cc998fa5" kindref="member">REG</ref><sp/>Max()</highlight><highlight class="keyword"><sp/>const<sp/></highlight><highlight class="normal">{<sp/></highlight><highlight class="keywordflow">return</highlight><highlight class="normal"><sp/><ref refid="group__REG_1ga8f899d7ad1af070aae505a85cc998fa5" kindref="member">REG</ref>(_max);<sp/>}</highlight></codeline>
<codeline lineno="49"><highlight class="normal"></highlight></codeline>
<codeline lineno="50"><highlight class="normal"><sp/><sp/><sp/><sp/>BOOL<sp/>Contains(<ref refid="group__REG_1ga8f899d7ad1af070aae505a85cc998fa5" kindref="member">REG</ref><sp/>reg_no)</highlight><highlight class="keyword"><sp/>const</highlight></codeline>
<codeline lineno="51"><highlight class="keyword"><sp/><sp/><sp/><sp/></highlight><highlight class="normal">{</highlight></codeline>
<codeline lineno="52"><highlight class="normal"><sp/><sp/><sp/><sp/><sp/><sp/><sp/><sp/></highlight><highlight class="keyword">const</highlight><highlight class="normal"><sp/>UINT32<sp/>i<sp/>=<sp/>UINT32(reg_no);</highlight></codeline>
<codeline lineno="53"><highlight class="normal"></highlight><highlight class="preprocessor">#if<sp/>defined(__INTEL_COMPILER)</highlight><highlight class="normal"></highlight></codeline>
<codeline lineno="54"><highlight class="normal"></highlight><highlight class="preprocessor">#pragma<sp/>warning(push)</highlight><highlight class="normal"></highlight></codeline>
<codeline lineno="55"><highlight class="normal"></highlight><highlight class="preprocessor">#pragma<sp/>warning(disable<sp/>:<sp/>186)</highlight><highlight class="normal"></highlight></codeline>
<codeline lineno="56"><highlight class="normal"></highlight><highlight class="preprocessor">#endif</highlight><highlight class="normal"></highlight></codeline>
<codeline lineno="57"><highlight class="normal"><sp/><sp/><sp/><sp/><sp/><sp/><sp/><sp/>ASSERTX(_min<sp/>&lt;=<sp/>i<sp/>&amp;&amp;<sp/>i<sp/>&lt;=<sp/>_max);</highlight></codeline>
<codeline lineno="58"><highlight class="normal"></highlight><highlight class="preprocessor">#if<sp/>defined(__INTEL_COMPILER)</highlight><highlight class="normal"></highlight></codeline>
<codeline lineno="59"><highlight class="normal"></highlight><highlight class="preprocessor">#pragma<sp/>warning(pop)</highlight><highlight class="normal"></highlight></codeline>
<codeline lineno="60"><highlight class="normal"></highlight><highlight class="preprocessor">#endif</highlight><highlight class="normal"></highlight></codeline>
<codeline lineno="61"><highlight class="normal"><sp/><sp/><sp/><sp/><sp/><sp/><sp/><sp/></highlight><highlight class="keyword">const</highlight><highlight class="normal"><sp/>UINT32<sp/>set_no<sp/>=<sp/>(i<sp/>-<sp/>_min)<sp/>/<sp/>_SET_SIZE;</highlight></codeline>
<codeline lineno="62"><highlight class="normal"><sp/><sp/><sp/><sp/><sp/><sp/><sp/><sp/></highlight><highlight class="keyword">const</highlight><highlight class="normal"><sp/>UINT32<sp/>pos_no<sp/>=<sp/>(i<sp/>-<sp/>_min)<sp/>%<sp/>_SET_SIZE;</highlight></codeline>
<codeline lineno="63"><highlight class="normal"><sp/><sp/><sp/><sp/><sp/><sp/><sp/><sp/></highlight><highlight class="keywordflow">return</highlight><highlight class="normal"><sp/>((_set[set_no]<sp/>&amp;<sp/>(_ONE<sp/>&lt;&lt;<sp/>pos_no))<sp/>!=<sp/>0);</highlight></codeline>
<codeline lineno="64"><highlight class="normal"><sp/><sp/><sp/><sp/>}</highlight></codeline>
<codeline lineno="65"><highlight class="normal"></highlight></codeline>
<codeline lineno="66"><highlight class="normal"><sp/><sp/><sp/><sp/>VOID<sp/>InsertVector(<ref refid="group__REG_1ga8f899d7ad1af070aae505a85cc998fa5" kindref="member">REG</ref><sp/>reg_no,<sp/>UINT32<sp/>vector)</highlight></codeline>
<codeline lineno="67"><highlight class="normal"><sp/><sp/><sp/><sp/>{</highlight></codeline>
<codeline lineno="68"><highlight class="normal"><sp/><sp/><sp/><sp/><sp/><sp/><sp/><sp/></highlight><highlight class="keyword">const</highlight><highlight class="normal"><sp/>UINT32<sp/>i<sp/>=<sp/>UINT32(reg_no);</highlight></codeline>
<codeline lineno="69"><highlight class="normal"></highlight><highlight class="preprocessor">#if<sp/>defined(__INTEL_COMPILER)</highlight><highlight class="normal"></highlight></codeline>
<codeline lineno="70"><highlight class="normal"></highlight><highlight class="preprocessor">#pragma<sp/>warning(push)</highlight><highlight class="normal"></highlight></codeline>
<codeline lineno="71"><highlight class="normal"></highlight><highlight class="preprocessor">#pragma<sp/>warning(disable<sp/>:<sp/>186)</highlight><highlight class="normal"></highlight></codeline>
<codeline lineno="72"><highlight class="normal"></highlight><highlight class="preprocessor">#endif</highlight><highlight class="normal"></highlight></codeline>
<codeline lineno="73"><highlight class="normal"><sp/><sp/><sp/><sp/><sp/><sp/><sp/><sp/>ASSERTX(_min<sp/>&lt;=<sp/>i<sp/>&amp;&amp;<sp/>i<sp/>&lt;=<sp/>_max);</highlight></codeline>
<codeline lineno="74"><highlight class="normal"></highlight><highlight class="preprocessor">#if<sp/>defined(__INTEL_COMPILER)</highlight><highlight class="normal"></highlight></codeline>
<codeline lineno="75"><highlight class="normal"></highlight><highlight class="preprocessor">#pragma<sp/>warning(pop)</highlight><highlight class="normal"></highlight></codeline>
<codeline lineno="76"><highlight class="normal"></highlight><highlight class="preprocessor">#endif</highlight><highlight class="normal"></highlight></codeline>
<codeline lineno="77"><highlight class="normal"><sp/><sp/><sp/><sp/><sp/><sp/><sp/><sp/></highlight><highlight class="keyword">const</highlight><highlight class="normal"><sp/>UINT32<sp/>set_no<sp/>=<sp/>(i<sp/>-<sp/>_min)<sp/>/<sp/>_SET_SIZE;</highlight></codeline>
<codeline lineno="78"><highlight class="normal"><sp/><sp/><sp/><sp/><sp/><sp/><sp/><sp/>ASSERTX(0<sp/>==<sp/>(i<sp/>-<sp/>_min)<sp/>%<sp/>_SET_SIZE);</highlight></codeline>
<codeline lineno="79"><highlight class="normal"><sp/><sp/><sp/><sp/><sp/><sp/><sp/><sp/>_set[set_no]<sp/>=<sp/>vector;</highlight></codeline>
<codeline lineno="80"><highlight class="normal"><sp/><sp/><sp/><sp/>}</highlight></codeline>
<codeline lineno="81"><highlight class="normal"></highlight></codeline>
<codeline lineno="82"><highlight class="normal"><sp/><sp/><sp/><sp/>VOID<sp/>InsertAll()</highlight></codeline>
<codeline lineno="83"><highlight class="normal"><sp/><sp/><sp/><sp/>{</highlight></codeline>
<codeline lineno="84"><highlight class="normal"><sp/><sp/><sp/><sp/><sp/><sp/><sp/><sp/></highlight><highlight class="keywordflow">for</highlight><highlight class="normal"><sp/>(UINT32<sp/>k<sp/>=<sp/>0;<sp/>k<sp/>&lt;<sp/>_NUM_SETS;<sp/>k++)</highlight></codeline>
<codeline lineno="85"><highlight class="normal"><sp/><sp/><sp/><sp/><sp/><sp/><sp/><sp/>{</highlight></codeline>
<codeline lineno="86"><highlight class="normal"><sp/><sp/><sp/><sp/><sp/><sp/><sp/><sp/><sp/><sp/><sp/><sp/>_set[k]<sp/>=<sp/>_ALL_ONES;</highlight></codeline>
<codeline lineno="87"><highlight class="normal"><sp/><sp/><sp/><sp/><sp/><sp/><sp/><sp/>}</highlight></codeline>
<codeline lineno="88"><highlight class="normal"><sp/><sp/><sp/><sp/>}</highlight></codeline>
<codeline lineno="89"><highlight class="normal"></highlight></codeline>
<codeline lineno="90"><highlight class="normal"><sp/><sp/><sp/><sp/>VOID<sp/>Insert(<ref refid="group__REG_1ga8f899d7ad1af070aae505a85cc998fa5" kindref="member">REG</ref><sp/>reg_no)</highlight></codeline>
<codeline lineno="91"><highlight class="normal"><sp/><sp/><sp/><sp/>{</highlight></codeline>
<codeline lineno="92"><highlight class="normal"><sp/><sp/><sp/><sp/><sp/><sp/><sp/><sp/></highlight><highlight class="keyword">const</highlight><highlight class="normal"><sp/>UINT32<sp/>i<sp/>=<sp/>UINT32(reg_no);</highlight></codeline>
<codeline lineno="93"><highlight class="normal"></highlight><highlight class="preprocessor">#if<sp/>defined(__INTEL_COMPILER)</highlight><highlight class="normal"></highlight></codeline>
<codeline lineno="94"><highlight class="normal"></highlight><highlight class="preprocessor">#pragma<sp/>warning(push)</highlight><highlight class="normal"></highlight></codeline>
<codeline lineno="95"><highlight class="normal"></highlight><highlight class="preprocessor">#pragma<sp/>warning(disable<sp/>:<sp/>186)</highlight><highlight class="normal"></highlight></codeline>
<codeline lineno="96"><highlight class="normal"></highlight><highlight class="preprocessor">#endif</highlight><highlight class="normal"></highlight></codeline>
<codeline lineno="97"><highlight class="normal"><sp/><sp/><sp/><sp/><sp/><sp/><sp/><sp/></highlight><highlight class="keywordflow">if</highlight><highlight class="normal"><sp/>(<ref refid="group__KNOBS_1ga5cc9d51c1b4a85ad8c61e6861989f4e4" kindref="member">KnobSlowAsserts</ref>)</highlight></codeline>
<codeline lineno="98"><highlight class="normal"><sp/><sp/><sp/><sp/><sp/><sp/><sp/><sp/>{</highlight></codeline>
<codeline lineno="99"><highlight class="normal"><sp/><sp/><sp/><sp/><sp/><sp/><sp/><sp/><sp/><sp/><sp/><sp/>ASSERT(_min<sp/>&lt;=<sp/>i<sp/>&amp;&amp;<sp/>i<sp/>&lt;=<sp/>_max,<sp/></highlight><highlight class="stringliteral">&quot;_min(&quot;</highlight><highlight class="normal"><sp/>+<sp/><ref refid="group__UTILS_1ga4204d9cd0f5e6ef308062e174dd36fd3" kindref="member">decstr</ref>(_min)<sp/>+<sp/></highlight><highlight class="stringliteral">&quot;)<sp/>i(&quot;</highlight><highlight class="normal"><sp/>+<sp/><ref refid="group__UTILS_1ga4204d9cd0f5e6ef308062e174dd36fd3" kindref="member">decstr</ref>(i)<sp/>+<sp/></highlight><highlight class="stringliteral">&quot;)<sp/>_max(<sp/>&quot;</highlight><highlight class="normal"><sp/>+<sp/><ref refid="group__UTILS_1ga4204d9cd0f5e6ef308062e174dd36fd3" kindref="member">decstr</ref>(_max)<sp/>+<sp/></highlight><highlight class="stringliteral">&quot;)\n&quot;</highlight><highlight class="normal">);</highlight></codeline>
<codeline lineno="100"><highlight class="normal"><sp/><sp/><sp/><sp/><sp/><sp/><sp/><sp/>}</highlight></codeline>
<codeline lineno="101"><highlight class="normal"></highlight><highlight class="preprocessor">#if<sp/>defined(__INTEL_COMPILER)</highlight><highlight class="normal"></highlight></codeline>
<codeline lineno="102"><highlight class="normal"></highlight><highlight class="preprocessor">#pragma<sp/>warning(pop)</highlight><highlight class="normal"></highlight></codeline>
<codeline lineno="103"><highlight class="normal"></highlight><highlight class="preprocessor">#endif</highlight><highlight class="normal"></highlight></codeline>
<codeline lineno="104"><highlight class="normal"><sp/><sp/><sp/><sp/><sp/><sp/><sp/><sp/></highlight><highlight class="keyword">const</highlight><highlight class="normal"><sp/>UINT32<sp/>set_no<sp/>=<sp/>(i<sp/>-<sp/>_min)<sp/>/<sp/>_SET_SIZE;</highlight></codeline>
<codeline lineno="105"><highlight class="normal"><sp/><sp/><sp/><sp/><sp/><sp/><sp/><sp/></highlight><highlight class="keyword">const</highlight><highlight class="normal"><sp/>UINT32<sp/>pos_no<sp/>=<sp/>(i<sp/>-<sp/>_min)<sp/>%<sp/>_SET_SIZE;</highlight></codeline>
<codeline lineno="106"><highlight class="normal"></highlight></codeline>
<codeline lineno="107"><highlight class="normal"><sp/><sp/><sp/><sp/><sp/><sp/><sp/><sp/>_set[set_no]<sp/>|=<sp/>(_ONE<sp/>&lt;&lt;<sp/>pos_no);</highlight></codeline>
<codeline lineno="108"><highlight class="normal"><sp/><sp/><sp/><sp/>}</highlight></codeline>
<codeline lineno="109"><highlight class="normal"></highlight></codeline>
<codeline lineno="110"><highlight class="normal"><sp/><sp/><sp/><sp/>VOID<sp/>Remove(<ref refid="group__REG_1ga8f899d7ad1af070aae505a85cc998fa5" kindref="member">REG</ref><sp/>reg_no)</highlight></codeline>
<codeline lineno="111"><highlight class="normal"><sp/><sp/><sp/><sp/>{</highlight></codeline>
<codeline lineno="112"><highlight class="normal"><sp/><sp/><sp/><sp/><sp/><sp/><sp/><sp/></highlight><highlight class="keyword">const</highlight><highlight class="normal"><sp/>UINT32<sp/>i<sp/>=<sp/>UINT32(reg_no);</highlight></codeline>
<codeline lineno="113"><highlight class="normal"></highlight><highlight class="preprocessor">#if<sp/>defined(__INTEL_COMPILER)</highlight><highlight class="normal"></highlight></codeline>
<codeline lineno="114"><highlight class="normal"></highlight><highlight class="preprocessor">#pragma<sp/>warning(push)</highlight><highlight class="normal"></highlight></codeline>
<codeline lineno="115"><highlight class="normal"></highlight><highlight class="preprocessor">#pragma<sp/>warning(disable<sp/>:<sp/>186)</highlight><highlight class="normal"></highlight></codeline>
<codeline lineno="116"><highlight class="normal"></highlight><highlight class="preprocessor">#endif</highlight><highlight class="normal"></highlight></codeline>
<codeline lineno="117"><highlight class="normal"><sp/><sp/><sp/><sp/><sp/><sp/><sp/><sp/>ASSERTX(_min<sp/>&lt;=<sp/>i<sp/>&amp;&amp;<sp/>i<sp/>&lt;=<sp/>_max);</highlight></codeline>
<codeline lineno="118"><highlight class="normal"></highlight><highlight class="preprocessor">#if<sp/>defined(__INTEL_COMPILER)</highlight><highlight class="normal"></highlight></codeline>
<codeline lineno="119"><highlight class="normal"></highlight><highlight class="preprocessor">#pragma<sp/>warning(pop)</highlight><highlight class="normal"></highlight></codeline>
<codeline lineno="120"><highlight class="normal"></highlight><highlight class="preprocessor">#endif</highlight><highlight class="normal"></highlight></codeline>
<codeline lineno="121"><highlight class="normal"><sp/><sp/><sp/><sp/><sp/><sp/><sp/><sp/></highlight><highlight class="keyword">const</highlight><highlight class="normal"><sp/>UINT32<sp/>set_no<sp/>=<sp/>(i<sp/>-<sp/>_min)<sp/>/<sp/>_SET_SIZE;</highlight></codeline>
<codeline lineno="122"><highlight class="normal"><sp/><sp/><sp/><sp/><sp/><sp/><sp/><sp/></highlight><highlight class="keyword">const</highlight><highlight class="normal"><sp/>UINT32<sp/>pos_no<sp/>=<sp/>(i<sp/>-<sp/>_min)<sp/>%<sp/>_SET_SIZE;</highlight></codeline>
<codeline lineno="123"><highlight class="normal"></highlight></codeline>
<codeline lineno="124"><highlight class="normal"><sp/><sp/><sp/><sp/><sp/><sp/><sp/><sp/>_set[set_no]<sp/>&amp;=<sp/>~(_ONE<sp/>&lt;&lt;<sp/>pos_no);</highlight></codeline>
<codeline lineno="125"><highlight class="normal"><sp/><sp/><sp/><sp/>}</highlight></codeline>
<codeline lineno="126"><highlight class="normal"></highlight></codeline>
<codeline lineno="127"><highlight class="normal"><sp/><sp/><sp/><sp/>VOID<sp/>Clear()</highlight></codeline>
<codeline lineno="128"><highlight class="normal"><sp/><sp/><sp/><sp/>{</highlight></codeline>
<codeline lineno="129"><highlight class="normal"><sp/><sp/><sp/><sp/><sp/><sp/><sp/><sp/></highlight><highlight class="keywordflow">for</highlight><highlight class="normal"><sp/>(UINT32<sp/>k<sp/>=<sp/>0;<sp/>k<sp/>&lt;<sp/>_NUM_SETS;<sp/>k++)</highlight></codeline>
<codeline lineno="130"><highlight class="normal"><sp/><sp/><sp/><sp/><sp/><sp/><sp/><sp/>{</highlight></codeline>
<codeline lineno="131"><highlight class="normal"><sp/><sp/><sp/><sp/><sp/><sp/><sp/><sp/><sp/><sp/><sp/><sp/>_set[k]<sp/>=<sp/>0;</highlight></codeline>
<codeline lineno="132"><highlight class="normal"><sp/><sp/><sp/><sp/><sp/><sp/><sp/><sp/>}</highlight></codeline>
<codeline lineno="133"><highlight class="normal"><sp/><sp/><sp/><sp/>}</highlight></codeline>
<codeline lineno="134"><highlight class="normal"></highlight></codeline>
<codeline lineno="135"><highlight class="normal"><sp/><sp/><sp/><sp/>VOID<sp/>Invert()</highlight></codeline>
<codeline lineno="136"><highlight class="normal"><sp/><sp/><sp/><sp/>{</highlight></codeline>
<codeline lineno="137"><highlight class="normal"><sp/><sp/><sp/><sp/><sp/><sp/><sp/><sp/></highlight><highlight class="keywordflow">for</highlight><highlight class="normal"><sp/>(UINT32<sp/>k<sp/>=<sp/>0;<sp/>k<sp/>&lt;<sp/>_NUM_SETS;<sp/>k++)</highlight></codeline>
<codeline lineno="138"><highlight class="normal"><sp/><sp/><sp/><sp/><sp/><sp/><sp/><sp/>{</highlight></codeline>
<codeline lineno="139"><highlight class="normal"><sp/><sp/><sp/><sp/><sp/><sp/><sp/><sp/><sp/><sp/><sp/><sp/>_set[k]<sp/>=<sp/>~_set[k];</highlight></codeline>
<codeline lineno="140"><highlight class="normal"><sp/><sp/><sp/><sp/><sp/><sp/><sp/><sp/>}</highlight></codeline>
<codeline lineno="141"><highlight class="normal"><sp/><sp/><sp/><sp/>}</highlight></codeline>
<codeline lineno="142"><highlight class="normal"></highlight></codeline>
<codeline lineno="143"><highlight class="normal"><sp/><sp/><sp/><sp/><ref refid="group__REG_1ga8f899d7ad1af070aae505a85cc998fa5" kindref="member">REG</ref><sp/>PopNext()</highlight></codeline>
<codeline lineno="144"><highlight class="normal"><sp/><sp/><sp/><sp/>{</highlight></codeline>
<codeline lineno="145"><highlight class="normal"><sp/><sp/><sp/><sp/><sp/><sp/><sp/><sp/></highlight><highlight class="keywordflow">for</highlight><highlight class="normal"><sp/>(UINT32<sp/>i<sp/>=<sp/>_min;<sp/>i<sp/>&lt;=<sp/>_max;<sp/>i++)</highlight></codeline>
<codeline lineno="146"><highlight class="normal"><sp/><sp/><sp/><sp/><sp/><sp/><sp/><sp/>{</highlight></codeline>
<codeline lineno="147"><highlight class="normal"><sp/><sp/><sp/><sp/><sp/><sp/><sp/><sp/><sp/><sp/><sp/><sp/></highlight><highlight class="keyword">const</highlight><highlight class="normal"><sp/><ref refid="group__REG_1ga8f899d7ad1af070aae505a85cc998fa5" kindref="member">REG</ref><sp/>reg<sp/>=<sp/><ref refid="group__REG_1ga8f899d7ad1af070aae505a85cc998fa5" kindref="member">REG</ref>(i);</highlight></codeline>
<codeline lineno="148"><highlight class="normal"><sp/><sp/><sp/><sp/><sp/><sp/><sp/><sp/><sp/><sp/><sp/><sp/></highlight><highlight class="keywordflow">if</highlight><highlight class="normal"><sp/>(Contains(reg))</highlight></codeline>
<codeline lineno="149"><highlight class="normal"><sp/><sp/><sp/><sp/><sp/><sp/><sp/><sp/><sp/><sp/><sp/><sp/>{</highlight></codeline>
<codeline lineno="150"><highlight class="normal"><sp/><sp/><sp/><sp/><sp/><sp/><sp/><sp/><sp/><sp/><sp/><sp/><sp/><sp/><sp/><sp/>Remove(reg);</highlight></codeline>
<codeline lineno="151"><highlight class="normal"><sp/><sp/><sp/><sp/><sp/><sp/><sp/><sp/><sp/><sp/><sp/><sp/><sp/><sp/><sp/><sp/></highlight><highlight class="keywordflow">return</highlight><highlight class="normal"><sp/>reg;</highlight></codeline>
<codeline lineno="152"><highlight class="normal"><sp/><sp/><sp/><sp/><sp/><sp/><sp/><sp/><sp/><sp/><sp/><sp/>}</highlight></codeline>
<codeline lineno="153"><highlight class="normal"><sp/><sp/><sp/><sp/><sp/><sp/><sp/><sp/>}</highlight></codeline>
<codeline lineno="154"><highlight class="normal"></highlight></codeline>
<codeline lineno="155"><highlight class="normal"><sp/><sp/><sp/><sp/><sp/><sp/><sp/><sp/></highlight><highlight class="keywordflow">return</highlight><highlight class="normal"><sp/><ref refid="group__REG_1gadc4695959b1508fbcf668927ab92ef18" kindref="member">REG_INVALID</ref>();</highlight></codeline>
<codeline lineno="156"><highlight class="normal"><sp/><sp/><sp/><sp/>}</highlight></codeline>
<codeline lineno="157"><highlight class="normal"></highlight></codeline>
<codeline lineno="158"><highlight class="normal"><sp/><sp/><sp/><sp/><ref refid="group__REG_1ga8f899d7ad1af070aae505a85cc998fa5" kindref="member">REG</ref><sp/>PopNextFast()</highlight></codeline>
<codeline lineno="159"><highlight class="normal"><sp/><sp/><sp/><sp/>{</highlight></codeline>
<codeline lineno="160"><highlight class="normal"><sp/><sp/><sp/><sp/><sp/><sp/><sp/><sp/></highlight><highlight class="keywordflow">for</highlight><highlight class="normal"><sp/>(UINT32<sp/>s<sp/>=<sp/>0;<sp/>s<sp/>&lt;<sp/>_NUM_SETS;<sp/>s++)</highlight></codeline>
<codeline lineno="161"><highlight class="normal"><sp/><sp/><sp/><sp/><sp/><sp/><sp/><sp/>{</highlight></codeline>
<codeline lineno="162"><highlight class="normal"><sp/><sp/><sp/><sp/><sp/><sp/><sp/><sp/><sp/><sp/><sp/><sp/></highlight><highlight class="keywordflow">if</highlight><highlight class="normal"><sp/>(_set[s]<sp/>==<sp/>0)<sp/></highlight><highlight class="keywordflow">continue</highlight><highlight class="normal">;</highlight></codeline>
<codeline lineno="163"><highlight class="normal"></highlight></codeline>
<codeline lineno="164"><highlight class="normal"><sp/><sp/><sp/><sp/><sp/><sp/><sp/><sp/><sp/><sp/><sp/><sp/></highlight><highlight class="keyword">const</highlight><highlight class="normal"><sp/>UINT32<sp/>limit<sp/>=<sp/>MIN(_max,<sp/>(s<sp/>+<sp/>1)<sp/>*<sp/>_SET_SIZE);</highlight></codeline>
<codeline lineno="165"><highlight class="normal"></highlight></codeline>
<codeline lineno="166"><highlight class="normal"><sp/><sp/><sp/><sp/><sp/><sp/><sp/><sp/><sp/><sp/><sp/><sp/></highlight><highlight class="keywordflow">for</highlight><highlight class="normal"><sp/>(UINT32<sp/>i<sp/>=<sp/>_min<sp/>+<sp/>(s<sp/>*<sp/>_SET_SIZE);<sp/>i<sp/>&lt;=<sp/>limit;<sp/>i++)</highlight></codeline>
<codeline lineno="167"><highlight class="normal"><sp/><sp/><sp/><sp/><sp/><sp/><sp/><sp/><sp/><sp/><sp/><sp/>{</highlight></codeline>
<codeline lineno="168"><highlight class="normal"><sp/><sp/><sp/><sp/><sp/><sp/><sp/><sp/><sp/><sp/><sp/><sp/><sp/><sp/><sp/><sp/></highlight><highlight class="keyword">const</highlight><highlight class="normal"><sp/><ref refid="group__REG_1ga8f899d7ad1af070aae505a85cc998fa5" kindref="member">REG</ref><sp/>reg<sp/>=<sp/><ref refid="group__REG_1ga8f899d7ad1af070aae505a85cc998fa5" kindref="member">REG</ref>(i);</highlight></codeline>
<codeline lineno="169"><highlight class="normal"><sp/><sp/><sp/><sp/><sp/><sp/><sp/><sp/><sp/><sp/><sp/><sp/><sp/><sp/><sp/><sp/></highlight><highlight class="keywordflow">if</highlight><highlight class="normal"><sp/>(Contains(reg))</highlight></codeline>
<codeline lineno="170"><highlight class="normal"><sp/><sp/><sp/><sp/><sp/><sp/><sp/><sp/><sp/><sp/><sp/><sp/><sp/><sp/><sp/><sp/>{</highlight></codeline>
<codeline lineno="171"><highlight class="normal"><sp/><sp/><sp/><sp/><sp/><sp/><sp/><sp/><sp/><sp/><sp/><sp/><sp/><sp/><sp/><sp/><sp/><sp/><sp/><sp/>Remove(reg);</highlight></codeline>
<codeline lineno="172"><highlight class="normal"><sp/><sp/><sp/><sp/><sp/><sp/><sp/><sp/><sp/><sp/><sp/><sp/><sp/><sp/><sp/><sp/><sp/><sp/><sp/><sp/></highlight><highlight class="keywordflow">return</highlight><highlight class="normal"><sp/>reg;</highlight></codeline>
<codeline lineno="173"><highlight class="normal"><sp/><sp/><sp/><sp/><sp/><sp/><sp/><sp/><sp/><sp/><sp/><sp/><sp/><sp/><sp/><sp/>}</highlight></codeline>
<codeline lineno="174"><highlight class="normal"><sp/><sp/><sp/><sp/><sp/><sp/><sp/><sp/><sp/><sp/><sp/><sp/>}</highlight></codeline>
<codeline lineno="175"><highlight class="normal"><sp/><sp/><sp/><sp/><sp/><sp/><sp/><sp/>}</highlight></codeline>
<codeline lineno="176"><highlight class="normal"></highlight></codeline>
<codeline lineno="177"><highlight class="normal"><sp/><sp/><sp/><sp/><sp/><sp/><sp/><sp/></highlight><highlight class="keywordflow">return</highlight><highlight class="normal"><sp/><ref refid="group__REG_1gadc4695959b1508fbcf668927ab92ef18" kindref="member">REG_INVALID</ref>();</highlight></codeline>
<codeline lineno="178"><highlight class="normal"><sp/><sp/><sp/><sp/>}</highlight></codeline>
<codeline lineno="179"><highlight class="normal"></highlight></codeline>
<codeline lineno="180"><highlight class="normal"><sp/><sp/><sp/><sp/>UINT32<sp/>PopCount()</highlight><highlight class="keyword"><sp/>const</highlight></codeline>
<codeline lineno="181"><highlight class="keyword"><sp/><sp/><sp/><sp/></highlight><highlight class="normal">{</highlight></codeline>
<codeline lineno="182"><highlight class="normal"><sp/><sp/><sp/><sp/><sp/><sp/><sp/><sp/>UINT32<sp/>count<sp/>=<sp/>0;</highlight></codeline>
<codeline lineno="183"><highlight class="normal"><sp/><sp/><sp/><sp/><sp/><sp/><sp/><sp/></highlight><highlight class="keywordflow">for</highlight><highlight class="normal"><sp/>(UINT32<sp/>s<sp/>=<sp/>0;<sp/>s<sp/>&lt;<sp/>_NUM_SETS;<sp/>s++)</highlight></codeline>
<codeline lineno="184"><highlight class="normal"><sp/><sp/><sp/><sp/><sp/><sp/><sp/><sp/>{</highlight></codeline>
<codeline lineno="185"><highlight class="normal"><sp/><sp/><sp/><sp/><sp/><sp/><sp/><sp/><sp/><sp/><sp/><sp/>count<sp/>+=<sp/><ref refid="group__UTILS_1gabc67f68f3113fe069626ec8c8441aad7" kindref="member">BitCount</ref>(_set[s]);</highlight></codeline>
<codeline lineno="186"><highlight class="normal"><sp/><sp/><sp/><sp/><sp/><sp/><sp/><sp/>}</highlight></codeline>
<codeline lineno="187"><highlight class="normal"><sp/><sp/><sp/><sp/><sp/><sp/><sp/><sp/></highlight><highlight class="keywordflow">return</highlight><highlight class="normal"><sp/>count;</highlight></codeline>
<codeline lineno="188"><highlight class="normal"><sp/><sp/><sp/><sp/>}</highlight></codeline>
<codeline lineno="189"><highlight class="normal"></highlight></codeline>
<codeline lineno="190"><highlight class="normal"><sp/><sp/><sp/><sp/>BOOL<sp/>PopCountIsZero()</highlight><highlight class="keyword"><sp/>const</highlight></codeline>
<codeline lineno="191"><highlight class="keyword"><sp/><sp/><sp/><sp/></highlight><highlight class="normal">{</highlight></codeline>
<codeline lineno="192"><highlight class="normal"><sp/><sp/><sp/><sp/><sp/><sp/><sp/><sp/></highlight><highlight class="keywordflow">for</highlight><highlight class="normal"><sp/>(UINT32<sp/>s<sp/>=<sp/>0;<sp/>s<sp/>&lt;<sp/>_NUM_SETS;<sp/>s++)</highlight></codeline>
<codeline lineno="193"><highlight class="normal"><sp/><sp/><sp/><sp/><sp/><sp/><sp/><sp/>{</highlight></codeline>
<codeline lineno="194"><highlight class="normal"><sp/><sp/><sp/><sp/><sp/><sp/><sp/><sp/><sp/><sp/><sp/><sp/></highlight><highlight class="keywordflow">if</highlight><highlight class="normal"><sp/>(_set[s]<sp/>!=<sp/>0)<sp/></highlight><highlight class="keywordflow">return</highlight><highlight class="normal"><sp/>FALSE;</highlight></codeline>
<codeline lineno="195"><highlight class="normal"><sp/><sp/><sp/><sp/><sp/><sp/><sp/><sp/>}</highlight></codeline>
<codeline lineno="196"><highlight class="normal"><sp/><sp/><sp/><sp/><sp/><sp/><sp/><sp/></highlight><highlight class="keywordflow">return</highlight><highlight class="normal"><sp/>TRUE;</highlight></codeline>
<codeline lineno="197"><highlight class="normal"><sp/><sp/><sp/><sp/>}</highlight></codeline>
<codeline lineno="198"><highlight class="normal"></highlight></codeline>
<codeline lineno="199"><highlight class="normal"><sp/><sp/><sp/><sp/>UINT32<sp/>HashKey()</highlight><highlight class="keyword"><sp/>const</highlight></codeline>
<codeline lineno="200"><highlight class="keyword"><sp/><sp/><sp/><sp/></highlight><highlight class="normal">{</highlight></codeline>
<codeline lineno="201"><highlight class="normal"><sp/><sp/><sp/><sp/><sp/><sp/><sp/><sp/>UINT32<sp/>hashKey<sp/>=<sp/>0;</highlight></codeline>
<codeline lineno="202"><highlight class="normal"><sp/><sp/><sp/><sp/><sp/><sp/><sp/><sp/></highlight><highlight class="keywordflow">for</highlight><highlight class="normal"><sp/>(UINT32<sp/>s<sp/>=<sp/>0;<sp/>s<sp/>&lt;<sp/>_NUM_SETS;<sp/>s++)</highlight></codeline>
<codeline lineno="203"><highlight class="normal"><sp/><sp/><sp/><sp/><sp/><sp/><sp/><sp/>{</highlight></codeline>
<codeline lineno="204"><highlight class="normal"><sp/><sp/><sp/><sp/><sp/><sp/><sp/><sp/><sp/><sp/><sp/><sp/>hashKey<sp/>=<sp/>HashData(hashKey,<sp/>_set[s]);</highlight></codeline>
<codeline lineno="205"><highlight class="normal"><sp/><sp/><sp/><sp/><sp/><sp/><sp/><sp/>}</highlight></codeline>
<codeline lineno="206"><highlight class="normal"><sp/><sp/><sp/><sp/><sp/><sp/><sp/><sp/></highlight><highlight class="keywordflow">return</highlight><highlight class="normal"><sp/>hashKey;</highlight></codeline>
<codeline lineno="207"><highlight class="normal"><sp/><sp/><sp/><sp/>}</highlight></codeline>
<codeline lineno="208"><highlight class="normal"></highlight></codeline>
<codeline lineno="209"><highlight class="normal"><sp/><sp/><sp/><sp/><ref refid="classREGISTER__SET" kindref="compound">REGISTER_SET</ref><sp/>operator|(</highlight><highlight class="keyword">const</highlight><highlight class="normal"><sp/><ref refid="classREGISTER__SET" kindref="compound">REGISTER_SET</ref>&amp;<sp/>b)</highlight><highlight class="keyword"><sp/>const</highlight></codeline>
<codeline lineno="210"><highlight class="keyword"><sp/><sp/><sp/><sp/></highlight><highlight class="normal">{</highlight></codeline>
<codeline lineno="211"><highlight class="normal"><sp/><sp/><sp/><sp/><sp/><sp/><sp/><sp/><ref refid="classREGISTER__SET" kindref="compound">REGISTER_SET</ref><sp/>c;</highlight></codeline>
<codeline lineno="212"><highlight class="normal"></highlight></codeline>
<codeline lineno="213"><highlight class="normal"><sp/><sp/><sp/><sp/><sp/><sp/><sp/><sp/></highlight><highlight class="keywordflow">for</highlight><highlight class="normal"><sp/>(UINT32<sp/>i<sp/>=<sp/>0;<sp/>i<sp/>&lt;<sp/>_NUM_SETS;<sp/>i++)</highlight></codeline>
<codeline lineno="214"><highlight class="normal"><sp/><sp/><sp/><sp/><sp/><sp/><sp/><sp/>{</highlight></codeline>
<codeline lineno="215"><highlight class="normal"><sp/><sp/><sp/><sp/><sp/><sp/><sp/><sp/><sp/><sp/><sp/><sp/>c._set[i]<sp/>=<sp/>_set[i]<sp/>|<sp/>b._set[i];</highlight></codeline>
<codeline lineno="216"><highlight class="normal"><sp/><sp/><sp/><sp/><sp/><sp/><sp/><sp/>}</highlight></codeline>
<codeline lineno="217"><highlight class="normal"><sp/><sp/><sp/><sp/><sp/><sp/><sp/><sp/></highlight><highlight class="keywordflow">return</highlight><highlight class="normal"><sp/>c;</highlight></codeline>
<codeline lineno="218"><highlight class="normal"><sp/><sp/><sp/><sp/>}</highlight></codeline>
<codeline lineno="219"><highlight class="normal"></highlight></codeline>
<codeline lineno="220"><highlight class="normal"><sp/><sp/><sp/><sp/><ref refid="classREGISTER__SET" kindref="compound">REGISTER_SET</ref>&amp;<sp/>operator|=(</highlight><highlight class="keyword">const</highlight><highlight class="normal"><sp/><ref refid="classREGISTER__SET" kindref="compound">REGISTER_SET</ref>&amp;<sp/>b)</highlight></codeline>
<codeline lineno="221"><highlight class="normal"><sp/><sp/><sp/><sp/>{</highlight></codeline>
<codeline lineno="222"><highlight class="normal"><sp/><sp/><sp/><sp/><sp/><sp/><sp/><sp/></highlight><highlight class="keywordflow">for</highlight><highlight class="normal"><sp/>(UINT32<sp/>i<sp/>=<sp/>0;<sp/>i<sp/>&lt;<sp/>_NUM_SETS;<sp/>i++)</highlight></codeline>
<codeline lineno="223"><highlight class="normal"><sp/><sp/><sp/><sp/><sp/><sp/><sp/><sp/>{</highlight></codeline>
<codeline lineno="224"><highlight class="normal"><sp/><sp/><sp/><sp/><sp/><sp/><sp/><sp/><sp/><sp/><sp/><sp/>_set[i]<sp/>|=<sp/>b._set[i];</highlight></codeline>
<codeline lineno="225"><highlight class="normal"><sp/><sp/><sp/><sp/><sp/><sp/><sp/><sp/>}</highlight></codeline>
<codeline lineno="226"><highlight class="normal"><sp/><sp/><sp/><sp/><sp/><sp/><sp/><sp/></highlight><highlight class="keywordflow">return</highlight><highlight class="normal"><sp/>*</highlight><highlight class="keyword">this</highlight><highlight class="normal">;</highlight></codeline>
<codeline lineno="227"><highlight class="normal"><sp/><sp/><sp/><sp/>}</highlight></codeline>
<codeline lineno="228"><highlight class="normal"></highlight></codeline>
<codeline lineno="229"><highlight class="normal"><sp/><sp/><sp/><sp/></highlight><highlight class="keywordtype">int</highlight><highlight class="normal"><sp/>operator==(</highlight><highlight class="keyword">const</highlight><highlight class="normal"><sp/><ref refid="classREGISTER__SET" kindref="compound">REGISTER_SET</ref>&amp;<sp/>b)</highlight><highlight class="keyword"><sp/>const</highlight></codeline>
<codeline lineno="230"><highlight class="keyword"><sp/><sp/><sp/><sp/></highlight><highlight class="normal">{</highlight></codeline>
<codeline lineno="231"><highlight class="normal"><sp/><sp/><sp/><sp/><sp/><sp/><sp/><sp/></highlight><highlight class="keywordflow">for</highlight><highlight class="normal"><sp/>(UINT32<sp/>i<sp/>=<sp/>0;<sp/>i<sp/>&lt;<sp/>_NUM_SETS;<sp/>i++)</highlight></codeline>
<codeline lineno="232"><highlight class="normal"><sp/><sp/><sp/><sp/><sp/><sp/><sp/><sp/>{</highlight></codeline>
<codeline lineno="233"><highlight class="normal"><sp/><sp/><sp/><sp/><sp/><sp/><sp/><sp/><sp/><sp/><sp/><sp/></highlight><highlight class="keywordflow">if</highlight><highlight class="normal"><sp/>(_set[i]<sp/>!=<sp/>b._set[i])<sp/></highlight><highlight class="keywordflow">return</highlight><highlight class="normal"><sp/>FALSE;</highlight></codeline>
<codeline lineno="234"><highlight class="normal"><sp/><sp/><sp/><sp/><sp/><sp/><sp/><sp/>}</highlight></codeline>
<codeline lineno="235"><highlight class="normal"><sp/><sp/><sp/><sp/><sp/><sp/><sp/><sp/></highlight><highlight class="keywordflow">return</highlight><highlight class="normal"><sp/>TRUE;</highlight></codeline>
<codeline lineno="236"><highlight class="normal"><sp/><sp/><sp/><sp/>}</highlight></codeline>
<codeline lineno="237"><highlight class="normal"></highlight></codeline>
<codeline lineno="238"><highlight class="normal"><sp/><sp/><sp/><sp/></highlight><highlight class="keywordtype">int</highlight><highlight class="normal"><sp/>operator!=(</highlight><highlight class="keyword">const</highlight><highlight class="normal"><sp/><ref refid="classREGISTER__SET" kindref="compound">REGISTER_SET</ref>&amp;<sp/>b)</highlight><highlight class="keyword"><sp/>const</highlight></codeline>
<codeline lineno="239"><highlight class="keyword"><sp/><sp/><sp/><sp/></highlight><highlight class="normal">{</highlight></codeline>
<codeline lineno="240"><highlight class="normal"><sp/><sp/><sp/><sp/><sp/><sp/><sp/><sp/></highlight><highlight class="keywordflow">for</highlight><highlight class="normal"><sp/>(UINT32<sp/>i<sp/>=<sp/>0;<sp/>i<sp/>&lt;<sp/>_NUM_SETS;<sp/>i++)</highlight></codeline>
<codeline lineno="241"><highlight class="normal"><sp/><sp/><sp/><sp/><sp/><sp/><sp/><sp/>{</highlight></codeline>
<codeline lineno="242"><highlight class="normal"><sp/><sp/><sp/><sp/><sp/><sp/><sp/><sp/><sp/><sp/><sp/><sp/></highlight><highlight class="keywordflow">if</highlight><highlight class="normal"><sp/>(_set[i]<sp/>!=<sp/>b._set[i])<sp/></highlight><highlight class="keywordflow">return</highlight><highlight class="normal"><sp/>TRUE;</highlight></codeline>
<codeline lineno="243"><highlight class="normal"><sp/><sp/><sp/><sp/><sp/><sp/><sp/><sp/>}</highlight></codeline>
<codeline lineno="244"><highlight class="normal"><sp/><sp/><sp/><sp/><sp/><sp/><sp/><sp/></highlight><highlight class="keywordflow">return</highlight><highlight class="normal"><sp/>FALSE;</highlight></codeline>
<codeline lineno="245"><highlight class="normal"><sp/><sp/><sp/><sp/>}</highlight></codeline>
<codeline lineno="246"><highlight class="normal"></highlight></codeline>
<codeline lineno="247"><highlight class="normal"><sp/><sp/><sp/><sp/><ref refid="classREGISTER__SET" kindref="compound">REGISTER_SET</ref><sp/>operator&amp;(</highlight><highlight class="keyword">const</highlight><highlight class="normal"><sp/><ref refid="classREGISTER__SET" kindref="compound">REGISTER_SET</ref>&amp;<sp/>b)</highlight><highlight class="keyword"><sp/>const</highlight></codeline>
<codeline lineno="248"><highlight class="keyword"><sp/><sp/><sp/><sp/></highlight><highlight class="normal">{</highlight></codeline>
<codeline lineno="249"><highlight class="normal"><sp/><sp/><sp/><sp/><sp/><sp/><sp/><sp/><ref refid="classREGISTER__SET" kindref="compound">REGISTER_SET</ref><sp/>c;</highlight></codeline>
<codeline lineno="250"><highlight class="normal"></highlight></codeline>
<codeline lineno="251"><highlight class="normal"><sp/><sp/><sp/><sp/><sp/><sp/><sp/><sp/></highlight><highlight class="keywordflow">for</highlight><highlight class="normal"><sp/>(UINT32<sp/>i<sp/>=<sp/>0;<sp/>i<sp/>&lt;<sp/>_NUM_SETS;<sp/>i++)</highlight></codeline>
<codeline lineno="252"><highlight class="normal"><sp/><sp/><sp/><sp/><sp/><sp/><sp/><sp/>{</highlight></codeline>
<codeline lineno="253"><highlight class="normal"><sp/><sp/><sp/><sp/><sp/><sp/><sp/><sp/><sp/><sp/><sp/><sp/>c._set[i]<sp/>=<sp/>_set[i]<sp/>&amp;<sp/>b._set[i];</highlight></codeline>
<codeline lineno="254"><highlight class="normal"><sp/><sp/><sp/><sp/><sp/><sp/><sp/><sp/>}</highlight></codeline>
<codeline lineno="255"><highlight class="normal"><sp/><sp/><sp/><sp/><sp/><sp/><sp/><sp/></highlight><highlight class="keywordflow">return</highlight><highlight class="normal"><sp/>c;</highlight></codeline>
<codeline lineno="256"><highlight class="normal"><sp/><sp/><sp/><sp/>}</highlight></codeline>
<codeline lineno="257"><highlight class="normal"></highlight></codeline>
<codeline lineno="258"><highlight class="normal"><sp/><sp/><sp/><sp/><ref refid="classREGISTER__SET" kindref="compound">REGISTER_SET</ref>&amp;<sp/>operator&amp;=(</highlight><highlight class="keyword">const</highlight><highlight class="normal"><sp/><ref refid="classREGISTER__SET" kindref="compound">REGISTER_SET</ref>&amp;<sp/>b)</highlight></codeline>
<codeline lineno="259"><highlight class="normal"><sp/><sp/><sp/><sp/>{</highlight></codeline>
<codeline lineno="260"><highlight class="normal"><sp/><sp/><sp/><sp/><sp/><sp/><sp/><sp/></highlight><highlight class="keywordflow">for</highlight><highlight class="normal"><sp/>(UINT32<sp/>i<sp/>=<sp/>0;<sp/>i<sp/>&lt;<sp/>_NUM_SETS;<sp/>i++)</highlight></codeline>
<codeline lineno="261"><highlight class="normal"><sp/><sp/><sp/><sp/><sp/><sp/><sp/><sp/>{</highlight></codeline>
<codeline lineno="262"><highlight class="normal"><sp/><sp/><sp/><sp/><sp/><sp/><sp/><sp/><sp/><sp/><sp/><sp/>_set[i]<sp/>&amp;=<sp/>b._set[i];</highlight></codeline>
<codeline lineno="263"><highlight class="normal"><sp/><sp/><sp/><sp/><sp/><sp/><sp/><sp/>}</highlight></codeline>
<codeline lineno="264"><highlight class="normal"><sp/><sp/><sp/><sp/><sp/><sp/><sp/><sp/></highlight><highlight class="keywordflow">return</highlight><highlight class="normal"><sp/>*</highlight><highlight class="keyword">this</highlight><highlight class="normal">;</highlight></codeline>
<codeline lineno="265"><highlight class="normal"><sp/><sp/><sp/><sp/>}</highlight></codeline>
<codeline lineno="266"><highlight class="normal"></highlight></codeline>
<codeline lineno="267"><highlight class="normal"><sp/><sp/><sp/><sp/><ref refid="classREGISTER__SET" kindref="compound">REGISTER_SET</ref><sp/>operator-(</highlight><highlight class="keyword">const</highlight><highlight class="normal"><sp/><ref refid="classREGISTER__SET" kindref="compound">REGISTER_SET</ref>&amp;<sp/>b)</highlight><highlight class="keyword"><sp/>const</highlight></codeline>
<codeline lineno="268"><highlight class="keyword"><sp/><sp/><sp/><sp/></highlight><highlight class="normal">{</highlight></codeline>
<codeline lineno="269"><highlight class="normal"><sp/><sp/><sp/><sp/><sp/><sp/><sp/><sp/><ref refid="classREGISTER__SET" kindref="compound">REGISTER_SET</ref><sp/>c;</highlight></codeline>
<codeline lineno="270"><highlight class="normal"></highlight></codeline>
<codeline lineno="271"><highlight class="normal"><sp/><sp/><sp/><sp/><sp/><sp/><sp/><sp/></highlight><highlight class="keywordflow">for</highlight><highlight class="normal"><sp/>(UINT32<sp/>i<sp/>=<sp/>0;<sp/>i<sp/>&lt;<sp/>_NUM_SETS;<sp/>i++)</highlight></codeline>
<codeline lineno="272"><highlight class="normal"><sp/><sp/><sp/><sp/><sp/><sp/><sp/><sp/>{</highlight></codeline>
<codeline lineno="273"><highlight class="normal"><sp/><sp/><sp/><sp/><sp/><sp/><sp/><sp/><sp/><sp/><sp/><sp/>c._set[i]<sp/>=<sp/>_set[i]<sp/>&amp;<sp/>~b._set[i];</highlight></codeline>
<codeline lineno="274"><highlight class="normal"><sp/><sp/><sp/><sp/><sp/><sp/><sp/><sp/>}</highlight></codeline>
<codeline lineno="275"><highlight class="normal"><sp/><sp/><sp/><sp/><sp/><sp/><sp/><sp/></highlight><highlight class="keywordflow">return</highlight><highlight class="normal"><sp/>c;</highlight></codeline>
<codeline lineno="276"><highlight class="normal"><sp/><sp/><sp/><sp/>}</highlight></codeline>
<codeline lineno="277"><highlight class="normal"></highlight></codeline>
<codeline lineno="278"><highlight class="normal"><sp/><sp/><sp/><sp/><ref refid="classREGISTER__SET" kindref="compound">REGISTER_SET</ref>&amp;<sp/>operator-=(</highlight><highlight class="keyword">const</highlight><highlight class="normal"><sp/><ref refid="classREGISTER__SET" kindref="compound">REGISTER_SET</ref>&amp;<sp/>b)</highlight></codeline>
<codeline lineno="279"><highlight class="normal"><sp/><sp/><sp/><sp/>{</highlight></codeline>
<codeline lineno="280"><highlight class="normal"><sp/><sp/><sp/><sp/><sp/><sp/><sp/><sp/></highlight><highlight class="keywordflow">for</highlight><highlight class="normal"><sp/>(UINT32<sp/>i<sp/>=<sp/>0;<sp/>i<sp/>&lt;<sp/>_NUM_SETS;<sp/>i++)</highlight></codeline>
<codeline lineno="281"><highlight class="normal"><sp/><sp/><sp/><sp/><sp/><sp/><sp/><sp/>{</highlight></codeline>
<codeline lineno="282"><highlight class="normal"><sp/><sp/><sp/><sp/><sp/><sp/><sp/><sp/><sp/><sp/><sp/><sp/>_set[i]<sp/>&amp;=<sp/>~b._set[i];</highlight></codeline>
<codeline lineno="283"><highlight class="normal"><sp/><sp/><sp/><sp/><sp/><sp/><sp/><sp/>}</highlight></codeline>
<codeline lineno="284"><highlight class="normal"><sp/><sp/><sp/><sp/><sp/><sp/><sp/><sp/></highlight><highlight class="keywordflow">return</highlight><highlight class="normal"><sp/>*</highlight><highlight class="keyword">this</highlight><highlight class="normal">;</highlight></codeline>
<codeline lineno="285"><highlight class="normal"><sp/><sp/><sp/><sp/>}</highlight></codeline>
<codeline lineno="286"><highlight class="normal"></highlight></codeline>
<codeline lineno="287"><highlight class="normal"><sp/><sp/><sp/><sp/>STATIC<sp/></highlight><highlight class="keyword">inline</highlight><highlight class="normal"><sp/>std::string<sp/>PrintRange(<ref refid="group__REG_1ga8f899d7ad1af070aae505a85cc998fa5" kindref="member">REG</ref><sp/>start,<sp/><ref refid="group__REG_1ga8f899d7ad1af070aae505a85cc998fa5" kindref="member">REG</ref><sp/>stop)</highlight></codeline>
<codeline lineno="288"><highlight class="normal"><sp/><sp/><sp/><sp/>{</highlight></codeline>
<codeline lineno="289"><highlight class="normal"><sp/><sp/><sp/><sp/><sp/><sp/><sp/><sp/></highlight><highlight class="keywordflow">if</highlight><highlight class="normal"><sp/>(start<sp/>==<sp/>stop)</highlight></codeline>
<codeline lineno="290"><highlight class="normal"><sp/><sp/><sp/><sp/><sp/><sp/><sp/><sp/>{</highlight></codeline>
<codeline lineno="291"><highlight class="normal"><sp/><sp/><sp/><sp/><sp/><sp/><sp/><sp/><sp/><sp/><sp/><sp/></highlight><highlight class="keywordflow">return</highlight><highlight class="normal"><sp/><ref refid="group__REG_1ga2377f4400dd4b3370dd2309090e8c3ce" kindref="member">REG_StringShort</ref>(start);</highlight></codeline>
<codeline lineno="292"><highlight class="normal"><sp/><sp/><sp/><sp/><sp/><sp/><sp/><sp/>}</highlight></codeline>
<codeline lineno="293"><highlight class="normal"><sp/><sp/><sp/><sp/><sp/><sp/><sp/><sp/></highlight><highlight class="keywordflow">else</highlight><highlight class="normal"></highlight></codeline>
<codeline lineno="294"><highlight class="normal"><sp/><sp/><sp/><sp/><sp/><sp/><sp/><sp/>{</highlight></codeline>
<codeline lineno="295"><highlight class="normal"><sp/><sp/><sp/><sp/><sp/><sp/><sp/><sp/><sp/><sp/><sp/><sp/></highlight><highlight class="keywordflow">return</highlight><highlight class="normal"><sp/><ref refid="group__REG_1ga2377f4400dd4b3370dd2309090e8c3ce" kindref="member">REG_StringShort</ref>(start)<sp/>+<sp/></highlight><highlight class="stringliteral">&quot;-&quot;</highlight><highlight class="normal"><sp/>+<sp/><ref refid="group__REG_1ga2377f4400dd4b3370dd2309090e8c3ce" kindref="member">REG_StringShort</ref>(stop);</highlight></codeline>
<codeline lineno="296"><highlight class="normal"><sp/><sp/><sp/><sp/><sp/><sp/><sp/><sp/>}</highlight></codeline>
<codeline lineno="297"><highlight class="normal"><sp/><sp/><sp/><sp/>}</highlight></codeline>
<codeline lineno="298"><highlight class="normal"></highlight></codeline>
<codeline lineno="299"><highlight class="normal"><sp/><sp/><sp/><sp/>std::string<sp/>Dump()</highlight><highlight class="keyword"><sp/>const</highlight></codeline>
<codeline lineno="300"><highlight class="keyword"><sp/><sp/><sp/><sp/></highlight><highlight class="normal">{</highlight></codeline>
<codeline lineno="301"><highlight class="normal"><sp/><sp/><sp/><sp/><sp/><sp/><sp/><sp/>std::string<sp/>s(</highlight><highlight class="stringliteral">&quot;{&quot;</highlight><highlight class="normal">);</highlight></codeline>
<codeline lineno="302"><highlight class="normal"><sp/><sp/><sp/><sp/><sp/><sp/><sp/><sp/></highlight><highlight class="keywordflow">for</highlight><highlight class="normal"><sp/>(UINT32<sp/>i<sp/>=<sp/>0;<sp/>i<sp/>&lt;<sp/>_NUM_SETS;<sp/>i++)</highlight></codeline>
<codeline lineno="303"><highlight class="normal"><sp/><sp/><sp/><sp/><sp/><sp/><sp/><sp/>{</highlight></codeline>
<codeline lineno="304"><highlight class="normal"><sp/><sp/><sp/><sp/><sp/><sp/><sp/><sp/><sp/><sp/><sp/><sp/></highlight><highlight class="keywordflow">if</highlight><highlight class="normal"><sp/>(i<sp/>!=<sp/>0)<sp/>s<sp/>+=<sp/></highlight><highlight class="stringliteral">&quot;,&quot;</highlight><highlight class="normal">;</highlight></codeline>
<codeline lineno="305"><highlight class="normal"><sp/><sp/><sp/><sp/><sp/><sp/><sp/><sp/><sp/><sp/><sp/><sp/>s<sp/>+=<sp/><ref refid="group__UTILS_1gacbaf096d893eddf2e6f7fec56ce0c1d9" kindref="member">hexstr</ref>(_set[i]);</highlight></codeline>
<codeline lineno="306"><highlight class="normal"><sp/><sp/><sp/><sp/><sp/><sp/><sp/><sp/>}</highlight></codeline>
<codeline lineno="307"><highlight class="normal"><sp/><sp/><sp/><sp/><sp/><sp/><sp/><sp/>s<sp/>+=<sp/></highlight><highlight class="stringliteral">&quot;}&quot;</highlight><highlight class="normal">;</highlight></codeline>
<codeline lineno="308"><highlight class="normal"><sp/><sp/><sp/><sp/><sp/><sp/><sp/><sp/></highlight><highlight class="keywordflow">return</highlight><highlight class="normal"><sp/>s;</highlight></codeline>
<codeline lineno="309"><highlight class="normal"><sp/><sp/><sp/><sp/>}</highlight></codeline>
<codeline lineno="310"><highlight class="normal"></highlight></codeline>
<codeline lineno="311"><highlight class="normal"><sp/><sp/><sp/><sp/>std::string<sp/>String()</highlight><highlight class="keyword"><sp/>const</highlight></codeline>
<codeline lineno="312"><highlight class="keyword"><sp/><sp/><sp/><sp/></highlight><highlight class="normal">{</highlight></codeline>
<codeline lineno="313"><highlight class="normal"><sp/><sp/><sp/><sp/><sp/><sp/><sp/><sp/>std::string<sp/>s;</highlight></codeline>
<codeline lineno="314"><highlight class="normal"></highlight></codeline>
<codeline lineno="315"><highlight class="normal"><sp/><sp/><sp/><sp/><sp/><sp/><sp/><sp/>s<sp/>+=<sp/></highlight><highlight class="stringliteral">&quot;{&quot;</highlight><highlight class="normal">;</highlight></codeline>
<codeline lineno="316"><highlight class="normal"><sp/><sp/><sp/><sp/><sp/><sp/><sp/><sp/>BOOL<sp/>printed_range<sp/>=<sp/>FALSE;</highlight></codeline>
<codeline lineno="317"><highlight class="normal"></highlight></codeline>
<codeline lineno="318"><highlight class="normal"><sp/><sp/><sp/><sp/><sp/><sp/><sp/><sp/></highlight><highlight class="keywordflow">for</highlight><highlight class="normal"><sp/>(UINT32<sp/>i<sp/>=<sp/>_min;<sp/>i<sp/>&lt;=<sp/>_max;<sp/>i++)</highlight></codeline>
<codeline lineno="319"><highlight class="normal"><sp/><sp/><sp/><sp/><sp/><sp/><sp/><sp/>{</highlight></codeline>
<codeline lineno="320"><highlight class="normal"><sp/><sp/><sp/><sp/><sp/><sp/><sp/><sp/><sp/><sp/><sp/><sp/></highlight><highlight class="keyword">const</highlight><highlight class="normal"><sp/><ref refid="group__REG_1ga8f899d7ad1af070aae505a85cc998fa5" kindref="member">REG</ref><sp/>reg<sp/>=<sp/><ref refid="group__REG_1ga8f899d7ad1af070aae505a85cc998fa5" kindref="member">REG</ref>(i);</highlight></codeline>
<codeline lineno="321"><highlight class="normal"></highlight></codeline>
<codeline lineno="322"><highlight class="normal"><sp/><sp/><sp/><sp/><sp/><sp/><sp/><sp/><sp/><sp/><sp/><sp/></highlight><highlight class="keywordflow">if</highlight><highlight class="normal"><sp/>(Contains(reg))</highlight></codeline>
<codeline lineno="323"><highlight class="normal"><sp/><sp/><sp/><sp/><sp/><sp/><sp/><sp/><sp/><sp/><sp/><sp/>{</highlight></codeline>
<codeline lineno="324"><highlight class="normal"><sp/><sp/><sp/><sp/><sp/><sp/><sp/><sp/><sp/><sp/><sp/><sp/><sp/><sp/><sp/><sp/></highlight><highlight class="keywordflow">if</highlight><highlight class="normal"><sp/>(printed_range)<sp/>s<sp/>+=<sp/></highlight><highlight class="stringliteral">&quot;,&quot;</highlight><highlight class="normal">;</highlight></codeline>
<codeline lineno="325"><highlight class="normal"></highlight></codeline>
<codeline lineno="326"><highlight class="normal"><sp/><sp/><sp/><sp/><sp/><sp/><sp/><sp/><sp/><sp/><sp/><sp/><sp/><sp/><sp/><sp/>s<sp/>+=<sp/>PrintRange(reg,<sp/>reg);</highlight></codeline>
<codeline lineno="327"><highlight class="normal"><sp/><sp/><sp/><sp/><sp/><sp/><sp/><sp/><sp/><sp/><sp/><sp/><sp/><sp/><sp/><sp/>printed_range<sp/>=<sp/>TRUE;</highlight></codeline>
<codeline lineno="328"><highlight class="normal"><sp/><sp/><sp/><sp/><sp/><sp/><sp/><sp/><sp/><sp/><sp/><sp/>}</highlight></codeline>
<codeline lineno="329"><highlight class="normal"><sp/><sp/><sp/><sp/><sp/><sp/><sp/><sp/>}</highlight></codeline>
<codeline lineno="330"><highlight class="normal"></highlight></codeline>
<codeline lineno="331"><highlight class="normal"><sp/><sp/><sp/><sp/><sp/><sp/><sp/><sp/>s<sp/>+=<sp/></highlight><highlight class="stringliteral">&quot;}&quot;</highlight><highlight class="normal">;</highlight></codeline>
<codeline lineno="332"><highlight class="normal"></highlight></codeline>
<codeline lineno="333"><highlight class="normal"><sp/><sp/><sp/><sp/><sp/><sp/><sp/><sp/></highlight><highlight class="keywordflow">return</highlight><highlight class="normal"><sp/>s;</highlight></codeline>
<codeline lineno="334"><highlight class="normal"><sp/><sp/><sp/><sp/>}</highlight></codeline>
<codeline lineno="335"><highlight class="normal"></highlight></codeline>
<codeline lineno="336"><highlight class="normal"><sp/><sp/><sp/><sp/>std::string<sp/>StringList()</highlight><highlight class="keyword"><sp/>const</highlight></codeline>
<codeline lineno="337"><highlight class="keyword"><sp/><sp/><sp/><sp/></highlight><highlight class="normal">{</highlight></codeline>
<codeline lineno="338"><highlight class="normal"><sp/><sp/><sp/><sp/><sp/><sp/><sp/><sp/>std::string<sp/>s;</highlight></codeline>
<codeline lineno="339"><highlight class="normal"></highlight></codeline>
<codeline lineno="340"><highlight class="normal"><sp/><sp/><sp/><sp/><sp/><sp/><sp/><sp/>s<sp/>+=<sp/></highlight><highlight class="stringliteral">&quot;{&quot;</highlight><highlight class="normal">;</highlight></codeline>
<codeline lineno="341"><highlight class="normal"></highlight></codeline>
<codeline lineno="342"><highlight class="normal"><sp/><sp/><sp/><sp/><sp/><sp/><sp/><sp/>BOOL<sp/>first<sp/>=<sp/>TRUE;</highlight></codeline>
<codeline lineno="343"><highlight class="normal"></highlight></codeline>
<codeline lineno="344"><highlight class="normal"><sp/><sp/><sp/><sp/><sp/><sp/><sp/><sp/></highlight><highlight class="keywordflow">for</highlight><highlight class="normal"><sp/>(UINT32<sp/>i<sp/>=<sp/>_min;<sp/>i<sp/>&lt;=<sp/>_max;<sp/>i++)</highlight></codeline>
<codeline lineno="345"><highlight class="normal"><sp/><sp/><sp/><sp/><sp/><sp/><sp/><sp/>{</highlight></codeline>
<codeline lineno="346"><highlight class="normal"><sp/><sp/><sp/><sp/><sp/><sp/><sp/><sp/><sp/><sp/><sp/><sp/></highlight><highlight class="keyword">const</highlight><highlight class="normal"><sp/><ref refid="group__REG_1ga8f899d7ad1af070aae505a85cc998fa5" kindref="member">REG</ref><sp/>reg<sp/>=<sp/><ref refid="group__REG_1ga8f899d7ad1af070aae505a85cc998fa5" kindref="member">REG</ref>(i);</highlight></codeline>
<codeline lineno="347"><highlight class="normal"></highlight></codeline>
<codeline lineno="348"><highlight class="normal"><sp/><sp/><sp/><sp/><sp/><sp/><sp/><sp/><sp/><sp/><sp/><sp/></highlight><highlight class="keywordflow">if</highlight><highlight class="normal"><sp/>(Contains(reg))</highlight></codeline>
<codeline lineno="349"><highlight class="normal"><sp/><sp/><sp/><sp/><sp/><sp/><sp/><sp/><sp/><sp/><sp/><sp/>{</highlight></codeline>
<codeline lineno="350"><highlight class="normal"><sp/><sp/><sp/><sp/><sp/><sp/><sp/><sp/><sp/><sp/><sp/><sp/><sp/><sp/><sp/><sp/></highlight><highlight class="keywordflow">if</highlight><highlight class="normal"><sp/>(first)</highlight></codeline>
<codeline lineno="351"><highlight class="normal"><sp/><sp/><sp/><sp/><sp/><sp/><sp/><sp/><sp/><sp/><sp/><sp/><sp/><sp/><sp/><sp/>{</highlight></codeline>
<codeline lineno="352"><highlight class="normal"><sp/><sp/><sp/><sp/><sp/><sp/><sp/><sp/><sp/><sp/><sp/><sp/><sp/><sp/><sp/><sp/><sp/><sp/><sp/><sp/>first<sp/>=<sp/>FALSE;</highlight></codeline>
<codeline lineno="353"><highlight class="normal"><sp/><sp/><sp/><sp/><sp/><sp/><sp/><sp/><sp/><sp/><sp/><sp/><sp/><sp/><sp/><sp/>}</highlight></codeline>
<codeline lineno="354"><highlight class="normal"><sp/><sp/><sp/><sp/><sp/><sp/><sp/><sp/><sp/><sp/><sp/><sp/><sp/><sp/><sp/><sp/></highlight><highlight class="keywordflow">else</highlight><highlight class="normal"></highlight></codeline>
<codeline lineno="355"><highlight class="normal"><sp/><sp/><sp/><sp/><sp/><sp/><sp/><sp/><sp/><sp/><sp/><sp/><sp/><sp/><sp/><sp/>{</highlight></codeline>
<codeline lineno="356"><highlight class="normal"><sp/><sp/><sp/><sp/><sp/><sp/><sp/><sp/><sp/><sp/><sp/><sp/><sp/><sp/><sp/><sp/><sp/><sp/><sp/><sp/>s<sp/>+=<sp/></highlight><highlight class="stringliteral">&quot;,&quot;</highlight><highlight class="normal">;</highlight></codeline>
<codeline lineno="357"><highlight class="normal"><sp/><sp/><sp/><sp/><sp/><sp/><sp/><sp/><sp/><sp/><sp/><sp/><sp/><sp/><sp/><sp/>}</highlight></codeline>
<codeline lineno="358"><highlight class="normal"><sp/><sp/><sp/><sp/><sp/><sp/><sp/><sp/><sp/><sp/><sp/><sp/><sp/><sp/><sp/><sp/>s<sp/>+=<sp/><ref refid="group__REG_1ga2377f4400dd4b3370dd2309090e8c3ce" kindref="member">REG_StringShort</ref>(reg);</highlight></codeline>
<codeline lineno="359"><highlight class="normal"><sp/><sp/><sp/><sp/><sp/><sp/><sp/><sp/><sp/><sp/><sp/><sp/>}</highlight></codeline>
<codeline lineno="360"><highlight class="normal"><sp/><sp/><sp/><sp/><sp/><sp/><sp/><sp/>}</highlight></codeline>
<codeline lineno="361"><highlight class="normal"></highlight></codeline>
<codeline lineno="362"><highlight class="normal"><sp/><sp/><sp/><sp/><sp/><sp/><sp/><sp/>s<sp/>+=<sp/></highlight><highlight class="stringliteral">&quot;}&quot;</highlight><highlight class="normal">;</highlight></codeline>
<codeline lineno="363"><highlight class="normal"></highlight></codeline>
<codeline lineno="364"><highlight class="normal"><sp/><sp/><sp/><sp/><sp/><sp/><sp/><sp/></highlight><highlight class="keywordflow">return</highlight><highlight class="normal"><sp/>s;</highlight></codeline>
<codeline lineno="365"><highlight class="normal"><sp/><sp/><sp/><sp/>}</highlight></codeline>
<codeline lineno="366"><highlight class="normal">};</highlight></codeline>
<codeline lineno="367"><highlight class="normal"></highlight></codeline>
<codeline lineno="368"><highlight class="normal"></highlight><highlight class="preprocessor">#endif<sp/>//<sp/>PIN_G_REGSET_PH</highlight></codeline>
    </programlisting>
    <location file="Source/pin/core/regset.PH"/>
  </compounddef>
</doxygen>
