<?xml version='1.0' encoding='UTF-8' standalone='no'?>
<doxygen xmlns:xsi="http://www.w3.org/2001/XMLSchema-instance" xsi:noNamespaceSchemaLocation="compound.xsd" version="1.8.17">
  <compounddef id="structHEXSTR" kind="struct" language="C++" prot="public">
    <compoundname>HEXSTR</compoundname>
      <sectiondef kind="public-attrib">
      <memberdef kind="variable" id="structHEXSTR_1a4189c59bfee09e33ccbde91e31cc6dd5" prot="public" static="no" mutable="no">
        <type>UINT32</type>
        <definition>UINT32 HEXSTR::_w</definition>
        <argsstring></argsstring>
        <name>_w</name>
        <briefdescription>
        </briefdescription>
        <detaileddescription>
        </detaileddescription>
        <inbodydescription>
        </inbodydescription>
        <location file="Source/pin/base/util.PH" line="258" column="12" bodyfile="Source/pin/base/util.PH" bodystart="258" bodyend="-1"/>
      </memberdef>
      </sectiondef>
      <sectiondef kind="public-func">
      <memberdef kind="function" id="structHEXSTR_1afd39585e9deacdb2977f184e977d8aba" prot="public" static="no" const="no" explicit="no" inline="yes" virt="non-virtual">
        <type></type>
        <definition>HEXSTR::HEXSTR</definition>
        <argsstring>(UINT32 width=0)</argsstring>
        <name>HEXSTR</name>
        <param>
          <type>UINT32</type>
          <declname>width</declname>
          <defval>0</defval>
        </param>
        <briefdescription>
        </briefdescription>
        <detaileddescription>
        </detaileddescription>
        <inbodydescription>
        </inbodydescription>
        <location file="Source/pin/base/util.PH" line="256" column="5" bodyfile="Source/pin/base/util.PH" bodystart="256" bodyend="256"/>
      </memberdef>
      <memberdef kind="function" id="structHEXSTR_1a940c9d018788f327c41cbebe86a6d0e1" prot="public" static="no" const="yes" explicit="no" inline="yes" virt="non-virtual">
        <templateparamlist>
          <param>
            <type>typename T</type>
          </param>
        </templateparamlist>
        <type>std::string</type>
        <definition>std::string HEXSTR::operator()</definition>
        <argsstring>(const T &amp;t) const</argsstring>
        <name>operator()</name>
        <param>
          <type>const T &amp;</type>
          <declname>t</declname>
        </param>
        <briefdescription>
        </briefdescription>
        <detaileddescription>
        </detaileddescription>
        <inbodydescription>
        </inbodydescription>
        <location file="Source/pin/base/util.PH" line="257" column="30" bodyfile="Source/pin/base/util.PH" bodystart="257" bodyend="257"/>
      </memberdef>
      </sectiondef>
    <briefdescription>
    </briefdescription>
    <detaileddescription>
<para>Hexadecimal-to-string conversion object. </para>
    </detaileddescription>
    <location file="Source/pin/base/util.PH" line="255" column="1" bodyfile="Source/pin/base/util.PH" bodystart="254" bodyend="259"/>
    <listofallmembers>
      <member refid="structHEXSTR_1a4189c59bfee09e33ccbde91e31cc6dd5" prot="public" virt="non-virtual"><scope>HEXSTR</scope><name>_w</name></member>
      <member refid="structHEXSTR_1afd39585e9deacdb2977f184e977d8aba" prot="public" virt="non-virtual"><scope>HEXSTR</scope><name>HEXSTR</name></member>
      <member refid="structHEXSTR_1a940c9d018788f327c41cbebe86a6d0e1" prot="public" virt="non-virtual"><scope>HEXSTR</scope><name>operator()</name></member>
    </listofallmembers>
  </compounddef>
</doxygen>
