<?xml version='1.0' encoding='UTF-8' standalone='no'?>
<doxygen xmlns:xsi="http://www.w3.org/2001/XMLSchema-instance" xsi:noNamespaceSchemaLocation="compound.xsd" version="1.8.17">
  <compounddef id="struct__PinPargClass_3_01T_01_6_01_4" kind="struct" language="C++" prot="public">
    <compoundname>_PinPargClass&lt; T &amp; &gt;</compoundname>
    <templateparamlist>
      <param>
        <type>typename T</type>
      </param>
    </templateparamlist>
      <sectiondef kind="public-static-func">
      <memberdef kind="function" id="struct__PinPargClass_3_01T_01_6_01_4_1ad3d5647adad922de3d079aecaa6418dd" prot="public" static="yes" const="no" explicit="no" inline="yes" virt="non-virtual">
        <type><ref refid="structPARG__T" kindref="compound">PARG_T</ref></type>
        <definition>static PARG_T _PinPargClass&lt; T &amp; &gt;::parg</definition>
        <argsstring>()</argsstring>
        <name>parg</name>
        <briefdescription>
        </briefdescription>
        <detaileddescription>
        </detaileddescription>
        <inbodydescription>
        </inbodydescription>
        <location file="Source/pin/include/types_vmapi.PH" line="610" column="19" bodyfile="Source/pin/include/types_vmapi.PH" bodystart="610" bodyend="616"/>
      </memberdef>
      </sectiondef>
    <briefdescription>
    </briefdescription>
    <detaileddescription>
    </detaileddescription>
    <location file="Source/pin/include/types_vmapi.PH" line="609" column="1" bodyfile="Source/pin/include/types_vmapi.PH" bodystart="608" bodyend="617"/>
    <listofallmembers>
      <member refid="struct__PinPargClass_3_01T_01_6_01_4_1ad3d5647adad922de3d079aecaa6418dd" prot="public" virt="non-virtual"><scope>_PinPargClass&lt; T &amp; &gt;</scope><name>parg</name></member>
    </listofallmembers>
  </compounddef>
</doxygen>
