<?xml version='1.0' encoding='UTF-8' standalone='no'?>
<doxygen xmlns:xsi="http://www.w3.org/2001/XMLSchema-instance" xsi:noNamespaceSchemaLocation="compound.xsd" version="1.8.17">
  <compounddef id="struct__PinPargClass_3_01T_01_5_01_4" kind="struct" language="C++" prot="public">
    <compoundname>_PinPargClass&lt; T * &gt;</compoundname>
    <templateparamlist>
      <param>
        <type>typename T</type>
      </param>
    </templateparamlist>
      <sectiondef kind="public-static-func">
      <memberdef kind="function" id="struct__PinPargClass_3_01T_01_5_01_4_1a45bc6ac9d37005157284c414dd4d97dc" prot="public" static="yes" const="no" explicit="no" inline="yes" virt="non-virtual">
        <type><ref refid="structPARG__T" kindref="compound">PARG_T</ref></type>
        <definition>static PARG_T _PinPargClass&lt; T * &gt;::parg</definition>
        <argsstring>()</argsstring>
        <name>parg</name>
        <briefdescription>
        </briefdescription>
        <detaileddescription>
        </detaileddescription>
        <inbodydescription>
        </inbodydescription>
        <location file="Source/pin/include/types_vmapi.PH" line="600" column="19" bodyfile="Source/pin/include/types_vmapi.PH" bodystart="600" bodyend="606"/>
      </memberdef>
      </sectiondef>
    <briefdescription>
    </briefdescription>
    <detaileddescription>
    </detaileddescription>
    <location file="Source/pin/include/types_vmapi.PH" line="599" column="1" bodyfile="Source/pin/include/types_vmapi.PH" bodystart="598" bodyend="607"/>
    <listofallmembers>
      <member refid="struct__PinPargClass_3_01T_01_5_01_4_1a45bc6ac9d37005157284c414dd4d97dc" prot="public" virt="non-virtual"><scope>_PinPargClass&lt; T * &gt;</scope><name>parg</name></member>
    </listofallmembers>
  </compounddef>
</doxygen>
