<?xml version='1.0' encoding='UTF-8' standalone='no'?>
<doxygen xmlns:xsi="http://www.w3.org/2001/XMLSchema-instance" xsi:noNamespaceSchemaLocation="compound.xsd" version="1.8.17">
  <compounddef id="struct__tcpServerStruct" kind="struct" language="C++" prot="public">
    <compoundname>_tcpServerStruct</compoundname>
      <sectiondef kind="public-attrib">
      <memberdef kind="variable" id="struct__tcpServerStruct_1a263a119b2bc391cf181fb4718dc2968c" prot="public" static="no" mutable="no">
        <type>int</type>
        <definition>int _tcpServerStruct::_tcpPort</definition>
        <argsstring></argsstring>
        <name>_tcpPort</name>
        <briefdescription>
<para>TCP port that Pin listens on waiting for a debugger connection. </para>
        </briefdescription>
        <detaileddescription>
        </detaileddescription>
        <inbodydescription>
        </inbodydescription>
        <location file="Source/pin/include/types_vmapi.PH" line="1052" column="9" bodyfile="Source/pin/include/types_vmapi.PH" bodystart="1052" bodyend="-1"/>
      </memberdef>
      </sectiondef>
    <briefdescription>
    </briefdescription>
    <detaileddescription>
<para>Information for DEBUG_CONNECTION_TYPE_TCP_SERVER. </para>
    </detaileddescription>
    <location file="Source/pin/include/types_vmapi.PH" line="1051" column="1" bodyfile="Source/pin/include/types_vmapi.PH" bodystart="1050" bodyend="1053"/>
    <listofallmembers>
      <member refid="struct__tcpServerStruct_1a263a119b2bc391cf181fb4718dc2968c" prot="public" virt="non-virtual"><scope>_tcpServerStruct</scope><name>_tcpPort</name></member>
    </listofallmembers>
  </compounddef>
</doxygen>
