<?xml version='1.0' encoding='UTF-8' standalone='no'?>
<doxygen xmlns:xsi="http://www.w3.org/2001/XMLSchema-instance" xsi:noNamespaceSchemaLocation="compound.xsd" version="1.8.17">
  <compounddef id="structEXCEPTION__INFO_1_1EXCEPTION__SPECIFIC_1_1WINDOWS__SYS" kind="struct" language="C++" prot="public">
    <compoundname>EXCEPTION_INFO::EXCEPTION_SPECIFIC::WINDOWS_SYS</compoundname>
      <sectiondef kind="public-attrib">
      <memberdef kind="variable" id="structEXCEPTION__INFO_1_1EXCEPTION__SPECIFIC_1_1WINDOWS__SYS_1a66ce2b184dd7c4b62302913eb06a41f2" prot="public" static="no" mutable="no">
        <type>UINT32</type>
        <definition>UINT32 EXCEPTION_INFO::EXCEPTION_SPECIFIC::WINDOWS_SYS::m_exceptCode</definition>
        <argsstring></argsstring>
        <name>m_exceptCode</name>
        <briefdescription>
<para>The system exception code or signal number. </para>
        </briefdescription>
        <detaileddescription>
        </detaileddescription>
        <inbodydescription>
        </inbodydescription>
        <location file="Source/pin/base/exception.PH" line="390" column="20" bodyfile="Source/pin/base/exception.PH" bodystart="390" bodyend="-1"/>
      </memberdef>
      <memberdef kind="variable" id="structEXCEPTION__INFO_1_1EXCEPTION__SPECIFIC_1_1WINDOWS__SYS_1ac570b517ec96d952bc3b8815bff9bcbd" prot="public" static="no" mutable="no">
        <type>UINT32</type>
        <definition>UINT32 EXCEPTION_INFO::EXCEPTION_SPECIFIC::WINDOWS_SYS::m_numArgs</definition>
        <argsstring></argsstring>
        <name>m_numArgs</name>
        <briefdescription>
<para>Number of arguments in the [m_args] array. </para>
        </briefdescription>
        <detaileddescription>
        </detaileddescription>
        <inbodydescription>
        </inbodydescription>
        <location file="Source/pin/base/exception.PH" line="391" column="20" bodyfile="Source/pin/base/exception.PH" bodystart="391" bodyend="-1"/>
      </memberdef>
      <memberdef kind="variable" id="structEXCEPTION__INFO_1_1EXCEPTION__SPECIFIC_1_1WINDOWS__SYS_1a5446effff08237efa0297563f4f52c20" prot="public" static="no" mutable="no">
        <type>ADDRINT</type>
        <definition>ADDRINT EXCEPTION_INFO::EXCEPTION_SPECIFIC::WINDOWS_SYS::m_args[MAX_WINDOWS_EXCEPTION_ARGS]</definition>
        <argsstring>[MAX_WINDOWS_EXCEPTION_ARGS]</argsstring>
        <name>m_args</name>
        <briefdescription>
<para>Array of arguments associated with the exception. </para>
        </briefdescription>
        <detaileddescription>
        </detaileddescription>
        <inbodydescription>
        </inbodydescription>
        <location file="Source/pin/base/exception.PH" line="392" column="21" bodyfile="Source/pin/base/exception.PH" bodystart="392" bodyend="-1"/>
      </memberdef>
      </sectiondef>
    <briefdescription>
<para>&lt; EXCEPTCODE_WINDOWS additional information </para>
    </briefdescription>
    <detaileddescription>
    </detaileddescription>
    <location file="Source/pin/base/exception.PH" line="389" column="1" bodyfile="Source/pin/base/exception.PH" bodystart="388" bodyend="393"/>
    <listofallmembers>
      <member refid="structEXCEPTION__INFO_1_1EXCEPTION__SPECIFIC_1_1WINDOWS__SYS_1a5446effff08237efa0297563f4f52c20" prot="public" virt="non-virtual"><scope>EXCEPTION_INFO::EXCEPTION_SPECIFIC::WINDOWS_SYS</scope><name>m_args</name></member>
      <member refid="structEXCEPTION__INFO_1_1EXCEPTION__SPECIFIC_1_1WINDOWS__SYS_1a66ce2b184dd7c4b62302913eb06a41f2" prot="public" virt="non-virtual"><scope>EXCEPTION_INFO::EXCEPTION_SPECIFIC::WINDOWS_SYS</scope><name>m_exceptCode</name></member>
      <member refid="structEXCEPTION__INFO_1_1EXCEPTION__SPECIFIC_1_1WINDOWS__SYS_1ac570b517ec96d952bc3b8815bff9bcbd" prot="public" virt="non-virtual"><scope>EXCEPTION_INFO::EXCEPTION_SPECIFIC::WINDOWS_SYS</scope><name>m_numArgs</name></member>
    </listofallmembers>
  </compounddef>
</doxygen>
