<?xml version='1.0' encoding='UTF-8' standalone='no'?>
<doxygen xmlns:xsi="http://www.w3.org/2001/XMLSchema-instance" xsi:noNamespaceSchemaLocation="compound.xsd" version="1.8.17">
  <compounddef id="struct__PinPargClass" kind="struct" language="C++" prot="public">
    <compoundname>_PinPargClass</compoundname>
    <templateparamlist>
      <param>
        <type>typename T</type>
      </param>
    </templateparamlist>
      <sectiondef kind="public-static-func">
      <memberdef kind="function" id="struct__PinPargClass_1a00533dfc5b98494051eb09fdb67b8cef" prot="public" static="yes" const="no" explicit="no" inline="yes" virt="non-virtual">
        <type><ref refid="structPARG__T" kindref="compound">PARG_T</ref></type>
        <definition>static PARG_T _PinPargClass&lt; T &gt;::parg</definition>
        <argsstring>()</argsstring>
        <name>parg</name>
        <briefdescription>
        </briefdescription>
        <detaileddescription>
        </detaileddescription>
        <inbodydescription>
        </inbodydescription>
        <location file="Source/pin/include/types_vmapi.PH" line="590" column="19" bodyfile="Source/pin/include/types_vmapi.PH" bodystart="590" bodyend="596"/>
      </memberdef>
      </sectiondef>
    <briefdescription>
    </briefdescription>
    <detaileddescription>
    </detaileddescription>
    <location file="Source/pin/include/types_vmapi.PH" line="589" column="1" bodyfile="Source/pin/include/types_vmapi.PH" bodystart="588" bodyend="597"/>
    <listofallmembers>
      <member refid="struct__PinPargClass_1a00533dfc5b98494051eb09fdb67b8cef" prot="public" virt="non-virtual"><scope>_PinPargClass</scope><name>parg</name></member>
    </listofallmembers>
  </compounddef>
</doxygen>
