<?xml version='1.0' encoding='UTF-8' standalone='no'?>
<doxygen xmlns:xsi="http://www.w3.org/2001/XMLSchema-instance" xsi:noNamespaceSchemaLocation="compound.xsd" version="1.8.17">
  <compounddef id="sym__undecorate_8PH" kind="file" language="C++">
    <compoundname>sym_undecorate.PH</compoundname>
      <sectiondef kind="define">
      <memberdef kind="define" id="sym__undecorate_8PH_1a3669b8dfec73f74ced2d2edf65bddf1b" prot="public" static="no">
        <name>PIN_G_SYM_UNDECORATE_PH</name>
        <briefdescription>
        </briefdescription>
        <detaileddescription>
        </detaileddescription>
        <inbodydescription>
        </inbodydescription>
        <location file="Source/pin/pin/sym_undecorate.PH" line="7" column="9" bodyfile="Source/pin/pin/sym_undecorate.PH" bodystart="7" bodyend="-1"/>
      </memberdef>
      </sectiondef>
      <sectiondef kind="enum">
      <memberdef kind="enum" id="group__SYMBOLS_1ga8b0c33dda59c8d399096714c6307f23d" prot="public" static="no" strong="no">
        <type></type>
        <name>UNDECORATION</name>
        <enumvalue id="group__SYMBOLS_1gga8b0c33dda59c8d399096714c6307f23da869b5424f40c8d015768c8b0de405d4b" prot="public">
          <name>UNDECORATION_COMPLETE</name>
          <briefdescription>
<para>Undecorate to full symbol signature. </para>
          </briefdescription>
          <detaileddescription>
          </detaileddescription>
        </enumvalue>
        <enumvalue id="group__SYMBOLS_1gga8b0c33dda59c8d399096714c6307f23da573ccc7d32ef44f469a6c0f367cbfedf" prot="public">
          <name>UNDECORATION_NAME_ONLY</name>
          <briefdescription>
<para>Undecorate to [scope::]name. </para>
          </briefdescription>
          <detaileddescription>
          </detaileddescription>
        </enumvalue>
        <briefdescription>
        </briefdescription>
        <detaileddescription>
<para>Definitions for symbol undecoration</para>
<para>List of supported symbol name undecoration styles. </para>
        </detaileddescription>
        <inbodydescription>
        </inbodydescription>
        <location file="Source/pin/pin/sym_undecorate.PH" line="17" column="1" bodyfile="Source/pin/pin/sym_undecorate.PH" bodystart="16" bodyend="20"/>
      </memberdef>
      </sectiondef>
    <briefdescription>
    </briefdescription>
    <detaileddescription>
    </detaileddescription>
    <programlisting>
<codeline lineno="1"><highlight class="comment">/*</highlight></codeline>
<codeline lineno="2"><highlight class="comment"><sp/>*<sp/>Copyright<sp/>(C)<sp/>2021-2021<sp/>Intel<sp/>Corporation.</highlight></codeline>
<codeline lineno="3"><highlight class="comment"><sp/>*<sp/>SPDX-License-Identifier:<sp/>MIT</highlight></codeline>
<codeline lineno="4"><highlight class="comment"><sp/>*/</highlight><highlight class="normal"></highlight></codeline>
<codeline lineno="5"><highlight class="normal"></highlight></codeline>
<codeline lineno="6"><highlight class="normal"></highlight><highlight class="preprocessor">#ifndef<sp/>PIN_G_SYM_UNDECORATE_PH</highlight><highlight class="normal"></highlight></codeline>
<codeline lineno="7"><highlight class="normal"></highlight><highlight class="preprocessor">#define<sp/>PIN_G_SYM_UNDECORATE_PH</highlight><highlight class="normal"></highlight></codeline>
<codeline lineno="8"><highlight class="normal"></highlight></codeline>
<codeline lineno="16"><highlight class="keyword">enum</highlight><highlight class="normal"><sp/><ref refid="group__SYMBOLS_1ga8b0c33dda59c8d399096714c6307f23d" kindref="member">UNDECORATION</ref></highlight></codeline>
<codeline lineno="17"><highlight class="normal">{</highlight></codeline>
<codeline lineno="18"><highlight class="normal"><sp/><sp/><sp/><sp/><ref refid="group__SYMBOLS_1gga8b0c33dda59c8d399096714c6307f23da869b5424f40c8d015768c8b0de405d4b" kindref="member">UNDECORATION_COMPLETE</ref>,<sp/></highlight></codeline>
<codeline lineno="19"><highlight class="normal"><sp/><sp/><sp/><sp/><ref refid="group__SYMBOLS_1gga8b0c33dda59c8d399096714c6307f23da573ccc7d32ef44f469a6c0f367cbfedf" kindref="member">UNDECORATION_NAME_ONLY</ref><sp/></highlight></codeline>
<codeline lineno="20"><highlight class="normal">};</highlight></codeline>
<codeline lineno="21"><highlight class="normal"></highlight></codeline>
<codeline lineno="22"><highlight class="normal"></highlight><highlight class="preprocessor">#endif<sp/>//<sp/>PIN_G_SYM_UNDECORATE_PH</highlight></codeline>
    </programlisting>
    <location file="Source/pin/pin/sym_undecorate.PH"/>
  </compounddef>
</doxygen>
